building_category,TEK,Oppvarmingstyper,tek_share,Ekstralast andel,Grunnlast andel,Spisslast andel,Grunnlast virkningsgrad,Spisslast virkningsgrad,Ekstralast virkningsgrad,Tappevann virkningsgrad,Spesifikt elforbruk,Kjoling virkningsgrad
apartment_block,TEK07,Electricity,0.0,0.0,1.0,0.0,1.0,1.0,1,0.98,1,4
retail,TEK97,Electricity,0.08158166937579898,0.0,1.0,0.0,1.0,1.0,1,0.98,1,4
retail,PRE_TEK49,Electricity,0.07593898514970877,0.0,1.0,0.0,1.0,1.0,1,0.98,1,4
sports,TEK07,Electricity,0.06106588557516737,0.0,1.0,0.0,1.0,1.0,1,0.98,1,4
sports,TEK10,Electricity,0.08915854540863644,0.0,1.0,0.0,1.0,1.0,1,0.98,1,4
sports,TEK17,Electricity,0.1093927995701236,0.0,1.0,0.0,1.0,1.0,1,0.98,1,4
sports,TEK49,Electricity,0.05867143540560858,0.0,1.0,0.0,1.0,1.0,1,0.98,1,4
sports,TEK69,Electricity,0.1134872249075578,0.0,1.0,0.0,1.0,1.0,1,0.98,1,4
sports,TEK87,Electricity,0.1040319178601305,0.0,1.0,0.0,1.0,1.0,1,0.98,1,4
sports,TEK97,Electricity,0.08404253455494629,0.0,1.0,0.0,1.0,1.0,1,0.98,1,4
sports,PRE_TEK49,Electricity,0.08838515546639918,0.0,1.0,0.0,1.0,1.0,1,0.98,1,4
storage_repairs,TEK07,Electricity,0.06194900425172228,0.0,1.0,0.0,1.0,1.0,1,0.98,1,4
storage_repairs,TEK10,Electricity,0.0969303692554588,0.0,1.0,0.0,1.0,1.0,1,0.98,1,4
storage_repairs,TEK17,Electricity,0.122769150828387,0.0,1.0,0.0,1.0,1.0,1,0.98,1,4
storage_repairs,TEK49,Electricity,0.07863425828584637,0.0,1.0,0.0,1.0,1.0,1,0.98,1,4
storage_repairs,TEK69,Electricity,0.1077159891289606,0.0,1.0,0.0,1.0,1.0,1,0.98,1,4
storage_repairs,TEK87,Electricity,0.1156302358551359,0.0,1.0,0.0,1.0,1.0,1,0.98,1,4
storage_repairs,TEK97,Electricity,0.0925751194412969,0.0,1.0,0.0,1.0,1.0,1,0.98,1,4
storage_repairs,PRE_TEK49,Electricity,0.07021680769063987,0.0,1.0,0.0,1.0,1.0,1,0.98,1,4
apartment_block,TEK49,Electricity,0.3702402944928518,0.0,1.0,0.0,1.0,1.0,1,0.98,1,4
retail,TEK87,Electricity,0.09629715417913162,0.0,1.0,0.0,1.0,1.0,1,0.98,1,4
apartment_block,TEK69,Electricity,0.7007529137382992,0.0,1.0,0.0,1.0,1.0,1,0.98,1,4
retail,TEK69,Electricity,0.1241857762809311,0.0,1.0,0.0,1.0,1.0,1,0.98,1,4
retail,TEK17,Electricity,0.0940371001911848,0.0,1.0,0.0,1.0,1.0,1,0.98,1,4
apartment_block,TEK97,Electricity,0.1435244480850705,0.0,1.0,0.0,1.0,1.0,1,0.98,1,4
apartment_block,PRE_TEK49,Electricity,0.08440358953304125,0.0,1.0,0.0,1.0,1.0,1,0.98,1,4
hotel,TEK07,Electricity,0.04753002757395895,0.0,1.0,0.0,1.0,1.0,1,0.98,1,4
hotel,TEK10,Electricity,0.01614030412638448,0.0,1.0,0.0,1.0,1.0,1,0.98,1,4
hotel,TEK49,Electricity,0.06021359038455434,0.0,1.0,0.0,1.0,1.0,1,0.98,1,4
hotel,TEK69,Electricity,0.09887427952725515,0.0,1.0,0.0,1.0,1.0,1,0.98,1,4
hotel,TEK87,Electricity,0.1006003571786119,0.0,1.0,0.0,1.0,1.0,1,0.98,1,4
hotel,TEK97,Electricity,0.03163817389357258,0.0,1.0,0.0,1.0,1.0,1,0.98,1,4
hotel,PRE_TEK49,Electricity,0.06327322731607779,0.0,1.0,0.0,1.0,1.0,1,0.98,1,4
office,TEK07,Electricity,0.03416570037333643,0.0,1.0,0.0,1.0,1.0,1,0.98,1,4
office,TEK10,Electricity,0.04790982010346755,0.0,1.0,0.0,1.0,1.0,1,0.98,1,4
office,TEK17,Electricity,0.03357412989860235,0.0,1.0,0.0,1.0,1.0,1,0.98,1,4
office,TEK49,Electricity,0.07216731307772078,0.0,1.0,0.0,1.0,1.0,1,0.98,1,4
office,TEK69,Electricity,0.1137523345872188,0.0,1.0,0.0,1.0,1.0,1,0.98,1,4
office,TEK87,Electricity,0.06690837883835378,0.0,1.0,0.0,1.0,1.0,1,0.98,1,4
office,TEK97,Electricity,0.03902751565976632,0.0,1.0,0.0,1.0,1.0,1,0.98,1,4
office,PRE_TEK49,Electricity,0.06551498146125971,0.0,1.0,0.0,1.0,1.0,1,0.98,1,4
retail,TEK07,Electricity,0.08002873785686193,0.0,1.0,0.0,1.0,1.0,1,0.98,1,4
retail,TEK10,Electricity,0.1007181233426076,0.0,1.0,0.0,1.0,1.0,1,0.98,1,4
retail,TEK49,Electricity,0.1109442019921787,0.0,1.0,0.0,1.0,1.0,1,0.98,1,4
apartment_block,TEK87,Electricity,0.1676491565030161,0.0,1.0,0.0,1.0,1.0,1,0.98,1,4
apartment_block,TEK87,Electricity,0.4335322741510177,0.0,1.0,0.0,1.0,1.0,1,0.98,1,4
apartment_block,PRE_TEK49,Electricity,0.303719268067331,0.0,1.0,0.0,1.0,1.0,1,0.98,1,4
nursing_home,TEK17,Electricity,1.0,0.0,1.0,0.0,1.0,1.0,1,0.98,1,4
nursing_home,TEK49,Electricity,0.3620058930341144,0.0,1.0,0.0,1.0,1.0,1,0.98,1,4
nursing_home,TEK69,Electricity,0.5481629044200409,0.0,1.0,0.0,1.0,1.0,1,0.98,1,4
nursing_home,TEK87,Electricity,0.4247425847933934,0.0,1.0,0.0,1.0,1.0,1,0.98,1,4
nursing_home,TEK97,Electricity,0.3587364392463286,0.0,1.0,0.0,1.0,1.0,1,0.98,1,4
nursing_home,PRE_TEK49,Electricity,0.2740002995357196,0.0,1.0,0.0,1.0,1.0,1,0.98,1,4
school,TEK07,Electricity,0.360082184715972,0.0,1.0,0.0,1.0,1.0,1,0.98,1,4
school,TEK10,Electricity,0.5738557219630677,0.0,1.0,0.0,1.0,1.0,1,0.98,1,4
school,TEK17,Electricity,0.3605120596252717,0.0,1.0,0.0,1.0,1.0,1,0.98,1,4
school,TEK49,Electricity,0.4682215010265116,0.0,1.0,0.0,1.0,1.0,1,0.98,1,4
school,TEK69,Electricity,0.5887411605105525,0.0,1.0,0.0,1.0,1.0,1,0.98,1,4
school,TEK87,Electricity,0.366987036987093,0.0,1.0,0.0,1.0,1.0,1,0.98,1,4
school,TEK97,Electricity,0.2447196849527072,0.0,1.0,0.0,1.0,1.0,1,0.98,1,4
school,PRE_TEK49,Electricity,0.4440622730664933,0.0,1.0,0.0,1.0,1.0,1,0.98,1,4
university,TEK10,Electricity,0.04639205375401694,0.0,1.0,0.0,1.0,1.0,1,0.98,1,4
university,TEK49,Electricity,0.1143987040213455,0.0,1.0,0.0,1.0,1.0,1,0.98,1,4
university,TEK69,Electricity,0.1316391201130876,0.0,1.0,0.0,1.0,1.0,1,0.98,1,4
university,TEK87,Electricity,0.06734585601347849,0.0,1.0,0.0,1.0,1.0,1,0.98,1,4
university,TEK97,Electricity,0.08852935169847286,0.0,1.0,0.0,1.0,1.0,1,0.98,1,4
nursing_home,TEK10,Electricity,0.4551271711700364,0.0,1.0,0.0,1.0,1.0,1,0.98,1,4
apartment_block,TEK97,Electricity,0.4556115221526789,0.0,1.0,0.0,1.0,1.0,1,0.98,1,4
nursing_home,TEK07,Electricity,0.2966760027479787,0.0,1.0,0.0,1.0,1.0,1,0.98,1,4
kindergarten,TEK97,Electricity,0.6764723196706836,0.0,1.0,0.0,1.0,1.0,1,0.98,1,4
culture,TEK07,Electricity,0.1246880885685058,0.0,1.0,0.0,1.0,1.0,1,0.98,1,4
culture,TEK10,Electricity,0.186473020667758,0.0,1.0,0.0,1.0,1.0,1,0.98,1,4
culture,TEK49,Electricity,0.4403338204528424,0.0,1.0,0.0,1.0,1.0,1,0.98,1,4
culture,TEK69,Electricity,0.3329805881971045,0.0,1.0,0.0,1.0,1.0,1,0.98,1,4
culture,TEK87,Electricity,0.4616977019119973,0.0,1.0,0.0,1.0,1.0,1,0.98,1,4
culture,TEK97,Electricity,0.2322268002999492,0.0,1.0,0.0,1.0,1.0,1,0.98,1,4
culture,PRE_TEK49,Electricity,0.3656475903950756,0.0,1.0,0.0,1.0,1.0,1,0.98,1,4
hospital,TEK10,Electricity,0.06076279617485229,0.0,1.0,0.0,1.0,1.0,1,0.98,1,4
hospital,TEK17,Electricity,1.0,0.0,1.0,0.0,1.0,1.0,1,0.98,1,4
hospital,TEK49,Electricity,0.1491494874394503,0.0,1.0,0.0,1.0,1.0,1,0.98,1,4
hospital,TEK69,Electricity,0.1464062404849694,0.0,1.0,0.0,1.0,1.0,1,0.98,1,4
hospital,TEK87,Electricity,0.477796260422808,0.0,1.0,0.0,1.0,1.0,1,0.98,1,4
hospital,TEK97,Electricity,0.01907285486904934,0.0,1.0,0.0,1.0,1.0,1,0.98,1,4
hospital,PRE_TEK49,Electricity,0.0718806092983987,0.0,1.0,0.0,1.0,1.0,1,0.98,1,4
kindergarten,TEK07,Electricity,0.5984240371161352,0.0,1.0,0.0,1.0,1.0,1,0.98,1,4
kindergarten,TEK10,Electricity,0.6291070665371327,0.0,1.0,0.0,1.0,1.0,1,0.98,1,4
kindergarten,TEK49,Electricity,0.7362602851579675,0.0,1.0,0.0,1.0,1.0,1,0.98,1,4
kindergarten,TEK69,Electricity,0.8963432697719085,0.0,1.0,0.0,1.0,1.0,1,0.98,1,4
kindergarten,TEK87,Electricity,0.7500275945804245,0.0,1.0,0.0,1.0,1.0,1,0.98,1,4
kindergarten,PRE_TEK49,Electricity,0.6711079745942131,0.0,1.0,0.0,1.0,1.0,1,0.98,1,4
apartment_block,TEK69,Electricity,0.04898013974694465,0.0,1.0,0.0,1.0,1.0,1,0.98,1,4
university,PRE_TEK49,Electricity,0.2391366651774801,0.0,1.0,0.0,1.0,1.0,1,0.98,1,4
apartment_block,TEK49,Electricity,0.1091944585634248,0.0,1.0,0.0,1.0,1.0,1,0.98,1,4
house,TEK49,Electricity,0.02668581805464637,0.0,1.0,0.0,1.0,1.0,1,0.98,1,4
apartment_block,TEK10,Electricity,0.0,0.0,1.0,0.0,1.0,1.0,1,0.98,1,4
house,TEK17,Electricity,0.06399938267878429,0.0,1.0,0.0,1.0,1.0,1,0.98,1,4
apartment_block,TEK17,Electricity,0.0,0.0,1.0,0.0,1.0,1.0,1,0.98,1,4
house,PRE_TEK49,Electricity,0.0400012144214653,0.0,1.0,0.0,1.0,1.0,1,0.98,1,4
house,TEK07,Electricity,0.06057615237571315,0.0,1.0,0.0,1.0,1.0,1,0.98,1,4
house,TEK97,Electricity,0.07160448195707558,0.0,1.0,0.0,1.0,1.0,1,0.98,1,4
house,TEK69,Electricity,0.03486012697716884,0.0,1.0,0.0,1.0,1.0,1,0.98,1,4
house,TEK10,Electricity,0.07452789305748525,0.0,1.0,0.0,1.0,1.0,1,0.98,1,4
house,TEK87,Electricity,0.0586298918495433,0.0,1.0,0.0,1.0,1.0,1,0.98,1,4
nursing_home,TEK49,Electricity - Bio,0.03872707802616614,0.15,0.7,0.15,1.0,0.65,1,0.98,1,4
culture,TEK49,Electricity - Bio,0.04792898350241636,0.15,0.7,0.15,1.0,0.65,1,0.98,1,4
nursing_home,TEK69,Electricity - Bio,0.04269786036066579,0.15,0.7,0.15,1.0,0.65,1,0.98,1,4
house,TEK07,Electricity - Bio,0.2226300320031429,0.15,0.7,0.15,1.0,0.65,1,0.98,1,4
kindergarten,TEK97,Electricity - Bio,0.01932495652066477,0.15,0.7,0.15,1.0,0.65,1,0.98,1,4
house,TEK10,Electricity - Bio,0.2362744227471229,0.15,0.7,0.15,1.0,0.65,1,0.98,1,4
nursing_home,TEK10,Electricity - Bio,0.02944482180484805,0.15,0.7,0.15,1.0,0.65,1,0.98,1,4
kindergarten,PRE_TEK49,Electricity - Bio,0.07232180663373323,0.15,0.7,0.15,1.0,0.65,1,0.98,1,4
nursing_home,TEK97,Electricity - Bio,0.02286495474350222,0.15,0.7,0.15,1.0,0.65,1,0.98,1,4
kindergarten,TEK87,Electricity - Bio,0.006105300918899528,0.15,0.7,0.15,1.0,0.65,1,0.98,1,4
nursing_home,PRE_TEK49,Electricity - Bio,0.02821720083870001,0.15,0.7,0.15,1.0,0.65,1,0.98,1,4
office,TEK07,Electricity - Bio,0.007588579945803719,0.15,0.7,0.15,1.0,0.65,1,0.98,1,4
office,TEK10,Electricity - Bio,0.002194362729005913,0.15,0.7,0.15,1.0,0.65,1,0.98,1,4
office,TEK49,Electricity - Bio,0.01447037086199229,0.15,0.7,0.15,1.0,0.65,1,0.98,1,4
office,TEK69,Electricity - Bio,0.008987493315125971,0.15,0.7,0.15,1.0,0.65,1,0.98,1,4
office,TEK87,Electricity - Bio,0.003512203995182972,0.15,0.7,0.15,1.0,0.65,1,0.98,1,4
office,TEK97,Electricity - Bio,0.01935506205683989,0.15,0.7,0.15,1.0,0.65,1,0.98,1,4
office,PRE_TEK49,Electricity - Bio,0.0648778178420578,0.15,0.7,0.15,1.0,0.65,1,0.98,1,4
nursing_home,TEK87,Electricity - Bio,0.03040084830862847,0.15,0.7,0.15,1.0,0.65,1,0.98,1,4
apartment_block,TEK10,Electricity - Bio,0.02433624869152895,0.15,0.7,0.15,1.0,0.65,1,0.98,1,4
house,TEK49,Electricity - Bio,0.2265079244005659,0.15,0.7,0.15,1.0,0.65,1,0.98,1,4
retail,TEK10,Electricity - Bio,0.02589664098286708,0.15,0.7,0.15,1.0,0.65,1,0.98,1,4
apartment_block,TEK17,Electricity - Bio,0.01141275401507702,0.15,0.7,0.15,1.0,0.65,1,0.98,1,4
apartment_block,TEK49,Electricity - Bio,0.2267560093115732,0.15,0.7,0.15,1.0,0.65,1,0.98,1,4
apartment_block,TEK69,Electricity - Bio,0.1137515419301746,0.15,0.7,0.15,1.0,0.65,1,0.98,1,4
apartment_block,TEK87,Electricity - Bio,0.1336527537366688,0.15,0.7,0.15,1.0,0.65,1,0.98,1,4
apartment_block,TEK97,Electricity - Bio,0.08687576346619645,0.15,0.7,0.15,1.0,0.65,1,0.98,1,4
apartment_block,PRE_TEK49,Electricity - Bio,0.3795718471140417,0.15,0.7,0.15,1.0,0.65,1,0.98,1,4
culture,TEK69,Electricity - Bio,0.00849185223657729,0.15,0.7,0.15,1.0,0.65,1,0.98,1,4
culture,TEK87,Electricity - Bio,0.1239730434825985,0.15,0.7,0.15,1.0,0.65,1,0.98,1,4
culture,TEK97,Electricity - Bio,0.001556188064924489,0.15,0.7,0.15,1.0,0.65,1,0.98,1,4
culture,PRE_TEK49,Electricity - Bio,0.04554724481915243,0.15,0.7,0.15,1.0,0.65,1,0.98,1,4
hospital,TEK49,Electricity - Bio,0.03414566983340218,0.15,0.7,0.15,1.0,0.65,1,0.98,1,4
hospital,TEK69,Electricity - Bio,0.007258433631986611,0.15,0.7,0.15,1.0,0.65,1,0.98,1,4
kindergarten,TEK69,Electricity - Bio,0.003358431452586335,0.15,0.7,0.15,1.0,0.65,1,0.98,1,4
house,PRE_TEK49,Electricity - Bio,0.2351256251688095,0.15,0.7,0.15,1.0,0.65,1,0.98,1,4
hotel,TEK07,Electricity - Bio,0.0555802215263822,0.15,0.7,0.15,1.0,0.65,1,0.98,1,4
hotel,TEK10,Electricity - Bio,0.1299506098333588,0.15,0.7,0.15,1.0,0.65,1,0.98,1,4
hotel,TEK49,Electricity - Bio,0.02548064888039573,0.15,0.7,0.15,1.0,0.65,1,0.98,1,4
hotel,TEK69,Electricity - Bio,0.001494090258574633,0.15,0.7,0.15,1.0,0.65,1,0.98,1,4
hotel,TEK97,Electricity - Bio,0.01323182511703474,0.15,0.7,0.15,1.0,0.65,1,0.98,1,4
hotel,PRE_TEK49,Electricity - Bio,0.03597489298467407,0.15,0.7,0.15,1.0,0.65,1,0.98,1,4
house,TEK97,Electricity - Bio,0.2053412010438714,0.15,0.7,0.15,1.0,0.65,1,0.98,1,4
kindergarten,TEK07,Electricity - Bio,0.00371897783341925,0.15,0.7,0.15,1.0,0.65,1,0.98,1,4
house,TEK87,Electricity - Bio,0.2562212977730868,0.15,0.7,0.15,1.0,0.65,1,0.98,1,4
kindergarten,TEK10,Electricity - Bio,0.004528425082209344,0.15,0.7,0.15,1.0,0.65,1,0.98,1,4
house,TEK69,Electricity - Bio,0.215215852778685,0.15,0.7,0.15,1.0,0.65,1,0.98,1,4
kindergarten,TEK49,Electricity - Bio,0.04233402424470824,0.15,0.7,0.15,1.0,0.65,1,0.98,1,4
hospital,PRE_TEK49,Electricity - Bio,0.02859544941787455,0.15,0.7,0.15,1.0,0.65,1,0.98,1,4
retail,TEK49,Electricity - Bio,0.003443826326341047,0.15,0.7,0.15,1.0,0.65,1,0.98,1,4
house,TEK17,Electricity - Bio,0.233857169046665,0.15,0.7,0.15,1.0,0.65,1,0.98,1,4
retail,TEK87,Electricity - Bio,0.05450207937111148,0.15,0.7,0.15,1.0,0.65,1,0.98,1,4
sports,TEK07,Electricity - Bio,0.03292376749847839,0.15,0.7,0.15,1.0,0.65,1,0.98,1,4
sports,TEK10,Electricity - Bio,0.02794004107972672,0.15,0.7,0.15,1.0,0.65,1,0.98,1,4
sports,TEK49,Electricity - Bio,0.03085632275554138,0.15,0.7,0.15,1.0,0.65,1,0.98,1,4
sports,TEK69,Electricity - Bio,0.04020589485223152,0.15,0.7,0.15,1.0,0.65,1,0.98,1,4
sports,TEK87,Electricity - Bio,0.01037115952495013,0.15,0.7,0.15,1.0,0.65,1,0.98,1,4
retail,TEK69,Electricity - Bio,0.009244653698750336,0.15,0.7,0.15,1.0,0.65,1,0.98,1,4
sports,TEK97,Electricity - Bio,0.04159732319604786,0.15,0.7,0.15,1.0,0.65,1,0.98,1,4
sports,PRE_TEK49,Electricity - Bio,0.03080352167613953,0.15,0.7,0.15,1.0,0.65,1,0.98,1,4
school,PRE_TEK49,Electricity - Bio,0.04507858865796513,0.15,0.7,0.15,1.0,0.65,1,0.98,1,4
storage_repairs,TEK07,Electricity - Bio,0.0797465812036097,0.15,0.7,0.15,1.0,0.65,1,0.98,1,4
storage_repairs,TEK49,Electricity - Bio,0.02867463322163459,0.15,0.7,0.15,1.0,0.65,1,0.98,1,4
storage_repairs,TEK69,Electricity - Bio,0.02489127786724206,0.15,0.7,0.15,1.0,0.65,1,0.98,1,4
storage_repairs,TEK87,Electricity - Bio,0.02899026240615925,0.15,0.7,0.15,1.0,0.65,1,0.98,1,4
storage_repairs,TEK97,Electricity - Bio,0.0626929208713097,0.15,0.7,0.15,1.0,0.65,1,0.98,1,4
storage_repairs,PRE_TEK49,Electricity - Bio,0.01728545460356768,0.15,0.7,0.15,1.0,0.65,1,0.98,1,4
university,TEK10,Electricity - Bio,0.0032719836400818,0.15,0.7,0.15,1.0,0.65,1,0.98,1,4
university,TEK69,Electricity - Bio,0.00482126292660945,0.15,0.7,0.15,1.0,0.65,1,0.98,1,4
university,TEK97,Electricity - Bio,0.004597335995824729,0.15,0.7,0.15,1.0,0.65,1,0.98,1,4
storage_repairs,TEK10,Electricity - Bio,0.05020425106070771,0.15,0.7,0.15,1.0,0.65,1,0.98,1,4
school,TEK97,Electricity - Bio,0.06196387074101572,0.15,0.7,0.15,1.0,0.65,1,0.98,1,4
apartment_block,TEK07,Electricity - Bio,0.06266384914026892,0.15,0.7,0.15,1.0,0.65,1,0.98,1,4
retail,TEK97,Electricity - Bio,0.01294519799273397,0.15,0.7,0.15,1.0,0.65,1,0.98,1,4
school,TEK10,Electricity - Bio,0.06469903318960094,0.15,0.7,0.15,1.0,0.65,1,0.98,1,4
school,TEK49,Electricity - Bio,0.03808607087807384,0.15,0.7,0.15,1.0,0.65,1,0.98,1,4
school,TEK07,Electricity - Bio,0.04942451289473757,0.15,0.7,0.15,1.0,0.65,1,0.98,1,4
school,TEK69,Electricity - Bio,0.03513186794280688,0.15,0.7,0.15,1.0,0.65,1,0.98,1,4
school,TEK87,Electricity - Bio,0.04931458125997847,0.15,0.7,0.15,1.0,0.65,1,0.98,1,4
retail,PRE_TEK49,Electricity - Bio,0.01448984299015915,0.15,0.7,0.15,1.0,0.65,1,0.98,1,4
house,TEK10,HP - Bio,0.2362744227471229,0.5,0.4,0.1,2.5,0.65,1,0.98,1,4
house,TEK97,HP - Bio,0.2236525552878611,0.5,0.4,0.1,2.5,0.65,1,0.98,1,4
house,TEK07,HP - Bio,0.2226300320031429,0.5,0.4,0.1,2.5,0.65,1,0.98,1,4
house,TEK87,HP - Bio,0.2930820339847388,0.5,0.4,0.1,2.5,0.65,1,0.98,1,4
house,TEK69,HP - Bio,0.4125106006243057,0.5,0.4,0.1,2.5,0.65,1,0.98,1,4
house,PRE_TEK49,HP - Bio,0.2351256251688095,0.5,0.4,0.1,2.5,0.65,1,0.98,1,4
house,TEK49,HP - Bio,0.3993308091052811,0.5,0.4,0.1,2.5,0.65,1,0.98,1,4
house,TEK17,HP - Bio,0.1861892124385155,0.5,0.4,0.1,2.5,0.65,1,0.98,1,4
house,TEK10,HP - Bio,0.1347165246729802,0.5,0.4,0.1,2.5,0.65,1,0.98,1,4
house,TEK07,HP - Bio,0.1767780511213681,0.5,0.4,0.1,2.5,0.65,1,0.98,1,4
house,TEK97,HP - Bio,0.2053412010438714,0.5,0.4,0.1,2.5,0.65,1,0.98,1,4
house,TEK87,HP - Bio,0.2562212977730868,0.5,0.4,0.1,2.5,0.65,1,0.98,1,4
house,TEK69,HP - Bio,0.215215852778685,0.5,0.4,0.1,2.5,0.65,1,0.98,1,4
house,TEK49,HP - Bio,0.2265079244005659,0.5,0.4,0.1,2.5,0.65,1,0.98,1,4
house,TEK17,HP - Bio,0.233857169046665,0.5,0.4,0.1,2.5,0.65,1,0.98,1,4
house,PRE_TEK49,HP - Bio,0.3516255773777761,0.5,0.4,0.1,2.5,0.65,1,0.98,1,4
house,TEK10,HP - Electricity,0.1480063223326047,0.0,0.4,0.6,2.5,1.0,1,0.98,1,4
house,TEK10,HP - Electricity,0.07452789305748525,0.0,0.4,0.6,2.5,1.0,1,0.98,1,4
house,TEK07,HP - Electricity,0.1169431231645259,0.0,0.4,0.6,2.5,1.0,1,0.98,1,4
house,TEK17,HP - Electricity,0.1212600134460673,0.0,0.4,0.6,2.5,1.0,1,0.98,1,4
house,TEK49,HP - Electricity,0.04769297066878292,0.0,0.4,0.6,2.5,1.0,1,0.98,1,4
house,TEK69,HP - Electricity,0.04965947451943152,0.0,0.4,0.6,2.5,1.0,1,0.98,1,4
house,TEK07,HP - Electricity,0.06057615237571315,0.0,0.4,0.6,2.5,1.0,1,0.98,1,4
house,TEK97,HP - Electricity,0.09160572626778266,0.0,0.4,0.6,2.5,1.0,1,0.98,1,4
house,TEK69,HP - Electricity,0.03486012697716884,0.0,0.4,0.6,2.5,1.0,1,0.98,1,4
house,PRE_TEK49,HP - Electricity,0.05273121052951073,0.0,0.4,0.6,2.5,1.0,1,0.98,1,4
house,TEK87,HP - Electricity,0.0586298918495433,0.0,0.4,0.6,2.5,1.0,1,0.98,1,4
house,TEK97,HP - Electricity,0.07160448195707558,0.0,0.4,0.6,2.5,1.0,1,0.98,1,4
house,PRE_TEK49,HP - Electricity,0.0400012144214653,0.0,0.4,0.6,2.5,1.0,1,0.98,1,4
house,TEK49,HP - Electricity,0.02668581805464637,0.0,0.4,0.6,2.5,1.0,1,0.98,1,4
house,TEK17,HP - Electricity,0.06399938267878429,0.0,0.4,0.6,2.5,1.0,1,0.98,1,4
house,TEK87,HP - Electricity,0.04752126408814421,0.0,0.4,0.6,2.5,1.0,1,0.98,1,4
university,PRE_TEK49,DH,0.5675655171832458,0.0,1.0,0.0,0.99,1.0,1,0.99,1,4
hospital,TEK87,DH,0.3480305454953817,0.0,1.0,0.0,0.99,1.0,1,0.99,1,4
culture,TEK87,DH,0.3385477201191195,0.0,1.0,0.0,0.99,1.0,1,0.99,1,4
school,TEK10,DH,0.3173800898136494,0.0,1.0,0.0,0.99,1.0,1,0.99,1,4
retail,TEK10,DH,0.2261919663315171,0.0,1.0,0.0,0.99,1.0,1,0.99,1,4
hospital,TEK69,DH,0.4842563690545178,0.0,1.0,0.0,0.99,1.0,1,0.99,1,4
school,TEK07,DH,0.5088770029751755,0.0,1.0,0.0,0.99,1.0,1,0.99,1,4
university,TEK97,DH,0.8687875831083074,0.0,1.0,0.0,0.99,1.0,1,0.99,1,4
university,TEK17,DH,1.0,0.0,1.0,0.0,0.99,1.0,1,0.99,1,4
retail,TEK07,DH,0.3006878659973554,0.0,1.0,0.0,0.99,1.0,1,0.99,1,4
hospital,TEK49,DH,0.5845192945564692,0.0,1.0,0.0,0.99,1.0,1,0.99,1,4
university,TEK87,DH,0.6659923373509591,0.0,1.0,0.0,0.99,1.0,1,0.99,1,4
office,PRE_TEK49,DH,0.281644593098296,0.0,1.0,0.0,0.99,1.0,1,0.99,1,4
office,TEK10,DH,0.4095302494341768,0.0,1.0,0.0,0.99,1.0,1,0.99,1,4
hospital,TEK10,DH,0.9124571092116216,0.0,1.0,0.0,0.99,1.0,1,0.99,1,4
hospital,TEK07,DH,1.0,0.0,1.0,0.0,0.99,1.0,1,0.99,1,4
university,TEK07,DH,1.0,0.0,1.0,0.0,0.99,1.0,1,0.99,1,4
office,TEK97,DH,0.3523590249489723,0.0,1.0,0.0,0.99,1.0,1,0.99,1,4
office,TEK07,DH,0.4345617561670478,0.0,1.0,0.0,0.99,1.0,1,0.99,1,4
office,TEK87,DH,0.3115923941670692,0.0,1.0,0.0,0.99,1.0,1,0.99,1,4
culture,PRE_TEK49,DH,0.448808476036656,0.0,1.0,0.0,0.99,1.0,1,0.99,1,4
university,TEK49,DH,0.5673347733096161,0.0,1.0,0.0,0.99,1.0,1,0.99,1,4
culture,TEK07,DH,0.8753119114314942,0.0,1.0,0.0,0.99,1.0,1,0.99,1,4
office,TEK69,DH,0.165620389833833,0.0,1.0,0.0,0.99,1.0,1,0.99,1,4
culture,TEK10,DH,0.8135269793322419,0.0,1.0,0.0,0.99,1.0,1,0.99,1,4
office,TEK49,DH,0.2592850604388146,0.0,1.0,0.0,0.99,1.0,1,0.99,1,4
university,TEK10,DH,0.9503359626059013,0.0,1.0,0.0,0.99,1.0,1,0.99,1,4
culture,TEK49,DH,0.388765257704643,0.0,1.0,0.0,0.99,1.0,1,0.99,1,4
culture,TEK97,DH,0.6773288394707347,0.0,1.0,0.0,0.99,1.0,1,0.99,1,4
office,TEK17,DH,0.4257774732803509,0.0,1.0,0.0,0.99,1.0,1,0.99,1,4
culture,TEK69,DH,0.6011134194637409,0.0,1.0,0.0,0.99,1.0,1,0.99,1,4
university,TEK69,DH,0.60669808415868,0.0,1.0,0.0,0.99,1.0,1,0.99,1,4
hotel,TEK87,DH,0.3712493823651941,0.0,1.0,0.0,0.99,1.0,1,0.99,1,4
hospital,PRE_TEK49,DH,0.6923390729980348,0.0,1.0,0.0,0.99,1.0,1,0.99,1,4
sports,TEK69,DH,0.2721076817367612,0.0,1.0,0.0,0.99,1.0,1,0.99,1,4
kindergarten,TEK49,DH,0.1558005150430249,0.0,1.0,0.0,0.99,1.0,1,0.99,1,4
sports,TEK49,DH,0.4338109665808597,0.0,1.0,0.0,0.99,1.0,1,0.99,1,4
kindergarten,TEK69,DH,0.03861282311575623,0.0,1.0,0.0,0.99,1.0,1,0.99,1,4
sports,TEK17,DH,0.4530360021493821,0.0,1.0,0.0,0.99,1.0,1,0.99,1,4
nursing_home,TEK87,DH,0.2839548268161449,0.0,1.0,0.0,0.99,1.0,1,0.99,1,4
kindergarten,TEK87,DH,0.1958956510941251,0.0,1.0,0.0,0.99,1.0,1,0.99,1,4
sports,TEK10,DH,0.5036733821822755,0.0,1.0,0.0,0.99,1.0,1,0.99,1,4
kindergarten,TEK10,DH,0.3169809797370529,0.0,1.0,0.0,0.99,1.0,1,0.99,1,4
school,TEK87,DH,0.3711312989599914,0.0,1.0,0.0,0.99,1.0,1,0.99,1,4
sports,TEK07,DH,0.600026628119294,0.0,1.0,0.0,0.99,1.0,1,0.99,1,4
kindergarten,PRE_TEK49,DH,0.1571489061397318,0.0,1.0,0.0,0.99,1.0,1,0.99,1,4
school,PRE_TEK49,DH,0.3226537493818977,0.0,1.0,0.0,0.99,1.0,1,0.99,1,4
nursing_home,TEK69,DH,0.2127868470086003,0.0,1.0,0.0,0.99,1.0,1,0.99,1,4
nursing_home,TEK07,DH,0.3180256830312319,0.0,1.0,0.0,0.99,1.0,1,0.99,1,4
nursing_home,TEK10,DH,0.4938006504593765,0.0,1.0,0.0,0.99,1.0,1,0.99,1,4
school,TEK97,DH,0.469221775645624,0.0,1.0,0.0,0.99,1.0,1,0.99,1,4
nursing_home,TEK49,DH,0.4170219558754082,0.0,1.0,0.0,0.99,1.0,1,0.99,1,4
kindergarten,TEK97,DH,0.1832382347789622,0.0,1.0,0.0,0.99,1.0,1,0.99,1,4
hospital,TEK97,DH,0.9409501157574881,0.0,1.0,0.0,0.99,1.0,1,0.99,1,4
sports,TEK87,DH,0.3336181439878735,0.0,1.0,0.0,0.99,1.0,1,0.99,1,4
kindergarten,TEK07,DH,0.2804882539214965,0.0,1.0,0.0,0.99,1.0,1,0.99,1,4
school,TEK17,DH,0.6394879403747282,0.0,1.0,0.0,0.99,1.0,1,0.99,1,4
hotel,TEK07,DH,0.706769640603823,0.0,1.0,0.0,0.99,1.0,1,0.99,1,4
school,TEK49,DH,0.2489028503128674,0.0,1.0,0.0,0.99,1.0,1,0.99,1,4
hotel,TEK49,DH,0.4301917659461194,0.0,1.0,0.0,0.99,1.0,1,0.99,1,4
nursing_home,PRE_TEK49,DH,0.2290418601168189,0.0,1.0,0.0,0.99,1.0,1,0.99,1,4
hotel,TEK69,DH,0.2383709974874274,0.0,1.0,0.0,0.99,1.0,1,0.99,1,4
sports,PRE_TEK49,DH,0.4127939373676585,0.0,1.0,0.0,0.99,1.0,1,0.99,1,4
hotel,TEK97,DH,0.674869946937309,0.0,1.0,0.0,0.99,1.0,1,0.99,1,4
nursing_home,TEK97,DH,0.3461935207379243,0.0,1.0,0.0,0.99,1.0,1,0.99,1,4
school,TEK69,DH,0.1912905585839088,0.0,1.0,0.0,0.99,1.0,1,0.99,1,4
sports,TEK97,DH,0.3599320288001682,0.0,1.0,0.0,0.99,1.0,1,0.99,1,4
house,TEK07,DH,0.07809653316267808,0.0,1.0,0.0,0.99,1.0,1,0.99,1,4
house,TEK10,DH,0.05597689309093559,0.0,1.0,0.0,0.99,1.0,1,0.99,1,4
house,TEK49,DH,0.002944823840930489,0.0,1.0,0.0,0.99,1.0,1,0.99,1,4
house,TEK69,DH,0.01117960613759207,0.0,1.0,0.0,0.99,1.0,1,0.99,1,4
house,TEK87,DH,0.007680762513189306,0.0,1.0,0.0,0.99,1.0,1,0.99,1,4
house,TEK97,DH,0.03483891621447589,0.0,1.0,0.0,0.99,1.0,1,0.99,1,4
house,PRE_TEK49,DH,0.00861740119781344,0.0,1.0,0.0,0.99,1.0,1,0.99,1,4
hotel,PRE_TEK49,DH,0.4102535098808969,0.0,1.0,0.0,0.99,1.0,1,0.99,1,4
house,TEK17,DH,0.0532753279558571,0.0,1.0,0.0,0.99,1.0,1,0.99,1,4
apartment_block,PRE_TEK49,DH,0.103159942762606,0.0,1.0,0.0,0.99,1.0,1,0.99,1,4
hotel,TEK10,DH,0.700259817618221,0.0,1.0,0.0,0.99,1.0,1,0.99,1,4
retail,TEK17,DH,0.2164418953133881,0.0,1.0,0.0,0.99,1.0,1,0.99,1,4
retail,TEK49,DH,0.1376850722428133,0.0,1.0,0.0,0.99,1.0,1,0.99,1,4
retail,TEK69,DH,0.1424556941401367,0.0,1.0,0.0,0.99,1.0,1,0.99,1,4
retail,TEK87,DH,0.1647699071729314,0.0,1.0,0.0,0.99,1.0,1,0.99,1,4
retail,TEK97,DH,0.2381486079775923,0.0,1.0,0.0,0.99,1.0,1,0.99,1,4
retail,PRE_TEK49,DH,0.2566289146123603,0.0,1.0,0.0,0.99,1.0,1,0.99,1,4
storage_repairs,TEK07,DH,0.1513880769366867,0.0,1.0,0.0,0.99,1.0,1,0.99,1,4
storage_repairs,TEK17,DH,0.1408167955712773,0.0,1.0,0.0,0.99,1.0,1,0.99,1,4
storage_repairs,TEK49,DH,0.1372816821908094,0.0,1.0,0.0,0.99,1.0,1,0.99,1,4
storage_repairs,TEK69,DH,0.07225224798958191,0.0,1.0,0.0,0.99,1.0,1,0.99,1,4
storage_repairs,TEK10,DH,0.2407163815098861,0.0,1.0,0.0,0.99,1.0,1,0.99,1,4
storage_repairs,TEK97,DH,0.1567880877346892,0.0,1.0,0.0,0.99,1.0,1,0.99,1,4
apartment_block,TEK97,DH,0.1754187698817529,0.0,1.0,0.0,0.99,1.0,1,0.99,1,4
apartment_block,TEK87,DH,0.2049045246147975,0.0,1.0,0.0,0.99,1.0,1,0.99,1,4
storage_repairs,TEK87,DH,0.1290709577307467,0.0,1.0,0.0,0.99,1.0,1,0.99,1,4
apartment_block,TEK07,DH,0.3316670026630616,0.0,1.0,0.0,0.99,1.0,1,0.99,1,4
apartment_block,TEK10,DH,0.4112925668147915,0.0,1.0,0.0,0.99,1.0,1,0.99,1,4
apartment_block,TEK17,DH,0.4189701933450781,0.0,1.0,0.0,0.99,1.0,1,0.99,1,4
apartment_block,TEK69,DH,0.05986461524626569,0.0,1.0,0.0,0.99,1.0,1,0.99,1,4
apartment_block,TEK49,DH,0.1334598937997414,0.0,1.0,0.0,0.99,1.0,1,0.99,1,4
storage_repairs,PRE_TEK49,DH,0.1731396612696657,0.0,1.0,0.0,0.99,1.0,1,0.99,1,4
apartment_block,PRE_TEK49,DH - Bio,0.02121134080295178,0.0,0.95,0.05000000000000004,0.99,0.65,1,0.99,1,4
house,TEK10,DH - Bio,0.009275874732653512,0.0,0.95,0.05000000000000004,0.99,0.65,1,0.99,1,4
house,TEK07,DH - Bio,0.01911350903722027,0.0,0.95,0.05000000000000004,0.99,0.65,1,0.99,1,4
apartment_block,TEK69,DH - Bio,0.002083163441167654,0.0,0.95,0.05000000000000004,0.99,0.65,1,0.99,1,4
apartment_block,TEK87,DH - Bio,0.003721344803895276,0.0,0.95,0.05000000000000004,0.99,0.65,1,0.99,1,4
house,PRE_TEK49,DH - Bio,0.003594306136862705,0.0,0.95,0.05000000000000004,0.99,0.65,1,0.99,1,4
house,TEK49,DH - Bio,0.0027430103182476,0.0,0.95,0.05000000000000004,0.99,0.65,1,0.99,1,4
apartment_block,TEK49,DH - Bio,0.007373838503140657,0.0,0.95,0.05000000000000004,0.99,0.65,1,0.99,1,4
house,TEK97,DH - Bio,0.01930263567657931,0.0,0.95,0.05000000000000004,0.99,0.65,1,0.99,1,4
house,TEK17,DH - Bio,0.00861651121929021,0.0,0.95,0.05000000000000004,0.99,0.65,1,0.99,1,4
apartment_block,TEK97,DH - Bio,0.003247114124862216,0.0,0.95,0.05000000000000004,0.99,0.65,1,0.99,1,4
retail,TEK87,DH - Bio,0.002845326844570676,0.0,0.95,0.05000000000000004,0.99,0.65,1,0.99,1,4
office,PRE_TEK49,DH - Bio,0.0003190898868568404,0.0,0.95,0.05000000000000004,0.99,0.65,1,0.99,1,4
storage_repairs,TEK07,DH - Bio,0.01303276731750762,0.0,0.95,0.05000000000000004,0.99,0.65,1,0.99,1,4
house,TEK69,DH - Bio,0.006152881047111939,0.0,0.95,0.05000000000000004,0.99,0.65,1,0.99,1,4
house,TEK87,DH - Bio,0.009440369933397733,0.0,0.95,0.05000000000000004,0.99,0.65,1,0.99,1,4
apartment_block,TEK07,DH - Bio,0.003305887353335002,0.0,0.95,0.05000000000000004,0.99,0.65,1,0.99,1,4
school,TEK87,DH - Bio,0.005374367223445058,0.0,0.95,0.05000000000000004,0.99,0.65,1,0.99,1,4
office,TEK69,DH - Bio,0.0003275962279522006,0.0,0.95,0.05000000000000004,0.99,0.65,1,0.99,1,4
office,TEK87,DH - Bio,0.0005392329572952363,0.0,0.95,0.05000000000000004,0.99,0.65,1,0.99,1,4
apartment_block,TEK17,DH - Bio,0.0008407421064131978,0.0,0.95,0.05000000000000004,0.99,0.65,1,0.99,1,4
apartment_block,TEK10,DH - Bio,0.0006785206303608669,0.0,0.95,0.05000000000000004,0.99,0.65,1,0.99,1,4
house,TEK17,Electric boiler,0.0002386257060730242,0.0,1.0,0.0,0.98,1.0,1,0.98,1,4
school,TEK69,Electric boiler,0.08551559070177842,0.0,1.0,0.0,0.98,1.0,1,0.98,1,4
retail,TEK87,Electric boiler,0.02161823055314467,0.0,1.0,0.0,0.98,1.0,1,0.98,1,4
school,TEK87,Electric boiler,0.09509109677056427,0.0,1.0,0.0,0.98,1.0,1,0.98,1,4
school,TEK10,Electric boiler,0.002910534115797895,0.0,1.0,0.0,0.98,1.0,1,0.98,1,4
house,TEK49,Electric boiler,0.02847812340250594,0.0,1.0,0.0,0.98,1.0,1,0.98,1,4
retail,PRE_TEK49,Electric boiler,0.04655307139593439,0.0,1.0,0.0,0.98,1.0,1,0.98,1,4
retail,TEK97,Electric boiler,0.02752268800752892,0.0,1.0,0.0,0.98,1.0,1,0.98,1,4
school,TEK49,Electric boiler,0.1015715273667757,0.0,1.0,0.0,0.98,1.0,1,0.98,1,4
school,TEK97,Electric boiler,0.0854698049104975,0.0,1.0,0.0,0.98,1.0,1,0.98,1,4
storage_repairs,TEK69,Electric boiler,0.1240202547062358,0.0,1.0,0.0,0.98,1.0,1,0.98,1,4
house,TEK10,Electric boiler,0.0002163689464803321,0.0,1.0,0.0,0.98,1.0,1,0.98,1,4
university,TEK87,Electric boiler,0.1333309033177812,0.0,1.0,0.0,0.98,1.0,1,0.98,1,4
university,TEK69,Electric boiler,0.08482047866784005,0.0,1.0,0.0,0.98,1.0,1,0.98,1,4
university,TEK49,Electric boiler,0.1591332613345192,0.0,1.0,0.0,0.98,1.0,1,0.98,1,4
storage_repairs,PRE_TEK49,Electric boiler,0.1504728474817739,0.0,1.0,0.0,0.98,1.0,1,0.98,1,4
storage_repairs,TEK97,Electric boiler,0.03742288342183266,0.0,1.0,0.0,0.98,1.0,1,0.98,1,4
storage_repairs,TEK87,Electric boiler,0.06770684899014744,0.0,1.0,0.0,0.98,1.0,1,0.98,1,4
house,TEK69,Electric boiler,0.01094031424032,0.0,1.0,0.0,0.98,1.0,1,0.98,1,4
storage_repairs,TEK49,Electric boiler,0.1439747609876048,0.0,1.0,0.0,0.98,1.0,1,0.98,1,4
storage_repairs,TEK07,Electric boiler,0.01289197355967986,0.0,1.0,0.0,0.98,1.0,1,0.98,1,4
sports,PRE_TEK49,Electric boiler,0.05723838181210297,0.0,1.0,0.0,0.98,1.0,1,0.98,1,4
sports,TEK97,Electric boiler,0.05508207347196188,0.0,1.0,0.0,0.98,1.0,1,0.98,1,4
sports,TEK87,Electric boiler,0.05804953560371517,0.0,1.0,0.0,0.98,1.0,1,0.98,1,4
sports,TEK69,Electric boiler,0.05418839537848669,0.0,1.0,0.0,0.98,1.0,1,0.98,1,4
house,TEK07,Electric boiler,0.0004028283888057627,0.0,1.0,0.0,0.98,1.0,1,0.98,1,4
sports,TEK49,Electric boiler,0.1000808711301456,0.0,1.0,0.0,0.98,1.0,1,0.98,1,4
sports,TEK10,Electric boiler,0.002192375486182936,0.0,1.0,0.0,0.98,1.0,1,0.98,1,4
sports,TEK07,Electric boiler,0.008240451917224589,0.0,1.0,0.0,0.98,1.0,1,0.98,1,4
school,PRE_TEK49,Electric boiler,0.0847957856884866,0.0,1.0,0.0,0.98,1.0,1,0.98,1,4
retail,TEK69,Electric boiler,0.03652172632070259,0.0,1.0,0.0,0.98,1.0,1,0.98,1,4
nursing_home,TEK87,Electric boiler,0.1055205632409586,0.0,1.0,0.0,0.98,1.0,1,0.98,1,4
retail,TEK07,Electric boiler,0.007044336195764262,0.0,1.0,0.0,0.98,1.0,1,0.98,1,4
kindergarten,TEK49,Electric boiler,0.02181081590352365,0.0,1.0,0.0,0.98,1.0,1,0.98,1,4
kindergarten,TEK07,Electric boiler,0.01124898740702555,0.0,1.0,0.0,0.98,1.0,1,0.98,1,4
hotel,PRE_TEK49,Electric boiler,0.08615454565617583,0.0,1.0,0.0,0.98,1.0,1,0.98,1,4
hotel,TEK97,Electric boiler,0.01486171935616574,0.0,1.0,0.0,0.98,1.0,1,0.98,1,4
hotel,TEK87,Electric boiler,0.02861304250942196,0.0,1.0,0.0,0.98,1.0,1,0.98,1,4
hotel,TEK69,Electric boiler,0.1003530623675962,0.0,1.0,0.0,0.98,1.0,1,0.98,1,4
hotel,TEK49,Electric boiler,0.0789893063777426,0.0,1.0,0.0,0.98,1.0,1,0.98,1,4
hospital,PRE_TEK49,Electric boiler,0.08815245230544382,0.0,1.0,0.0,0.98,1.0,1,0.98,1,4
hospital,TEK97,Electric boiler,0.006384748950947764,0.0,1.0,0.0,0.98,1.0,1,0.98,1,4
hospital,TEK69,Electric boiler,0.09339413785720038,0.0,1.0,0.0,0.98,1.0,1,0.98,1,4
hospital,TEK49,Electric boiler,0.06386980085864845,0.0,1.0,0.0,0.98,1.0,1,0.98,1,4
culture,PRE_TEK49,Electric boiler,0.06077644686191988,0.0,1.0,0.0,0.98,1.0,1,0.98,1,4
culture,TEK87,Electric boiler,0.0378907672431424,0.0,1.0,0.0,0.98,1.0,1,0.98,1,4
culture,TEK69,Electric boiler,0.01831623709666948,0.0,1.0,0.0,0.98,1.0,1,0.98,1,4
culture,TEK49,Electric boiler,0.05631269496294587,0.0,1.0,0.0,0.98,1.0,1,0.98,1,4
kindergarten,TEK69,Electric boiler,0.01917580589027753,0.0,1.0,0.0,0.98,1.0,1,0.98,1,4
kindergarten,TEK87,Electric boiler,0.004785935042357681,0.0,1.0,0.0,0.98,1.0,1,0.98,1,4
kindergarten,TEK97,Electric boiler,0.007612971777132885,0.0,1.0,0.0,0.98,1.0,1,0.98,1,4
kindergarten,PRE_TEK49,Electric boiler,0.04200423429781228,0.0,1.0,0.0,0.98,1.0,1,0.98,1,4
house,TEK87,Electric boiler,0.002192052065678623,0.0,1.0,0.0,0.98,1.0,1,0.98,1,4
office,PRE_TEK49,Electric boiler,0.04319062702552381,0.0,1.0,0.0,0.98,1.0,1,0.98,1,4
office,TEK97,Electric boiler,0.02807248934072847,0.0,1.0,0.0,0.98,1.0,1,0.98,1,4
office,TEK87,Electric boiler,0.0404917516979622,0.0,1.0,0.0,0.98,1.0,1,0.98,1,4
house,TEK97,Electric boiler,0.001827463409266844,0.0,1.0,0.0,0.98,1.0,1,0.98,1,4
office,TEK69,Electric boiler,0.04924109822223792,0.0,1.0,0.0,0.98,1.0,1,0.98,1,4
office,TEK49,Electric boiler,0.06546423122191766,0.0,1.0,0.0,0.98,1.0,1,0.98,1,4
retail,TEK49,Electric boiler,0.06862786515387861,0.0,1.0,0.0,0.98,1.0,1,0.98,1,4
office,TEK10,Electric boiler,0.0006957942020838146,0.0,1.0,0.0,0.98,1.0,1,0.98,1,4
office,TEK07,Electric boiler,0.001136754024824633,0.0,1.0,0.0,0.98,1.0,1,0.98,1,4
nursing_home,TEK97,Electric boiler,0.1025617386999949,0.0,1.0,0.0,0.98,1.0,1,0.98,1,4
university,TEK97,Electric boiler,0.01072409176518641,0.0,1.0,0.0,0.98,1.0,1,0.98,1,4
nursing_home,TEK69,Electric boiler,0.06986984244942461,0.0,1.0,0.0,0.98,1.0,1,0.98,1,4
nursing_home,TEK49,Electric boiler,0.09112253653215562,0.0,1.0,0.0,0.98,1.0,1,0.98,1,4
nursing_home,TEK10,Electric boiler,0.003924798105043856,0.0,1.0,0.0,0.98,1.0,1,0.98,1,4
nursing_home,TEK07,Electric boiler,0.08395603234159489,0.0,1.0,0.0,0.98,1.0,1,0.98,1,4
house,PRE_TEK49,Electric boiler,0.02329368675061116,0.0,1.0,0.0,0.98,1.0,1,0.98,1,4
university,PRE_TEK49,Electric boiler,0.09664890881963703,0.0,1.0,0.0,0.98,1.0,1,0.98,1,4
nursing_home,PRE_TEK49,Electric boiler,0.2203974464579901,0.0,1.0,0.0,0.98,1.0,1,0.98,1,4
apartment_block,TEK49,Electric boiler,0.1103724448847598,0.0,1.0,0.0,0.98,1.0,1,0.98,1,4
apartment_block,TEK97,Electric boiler,0.01106093947826283,0.0,1.0,0.0,0.98,1.0,1,0.98,1,4
apartment_block,TEK69,Electric boiler,0.02685296950917581,0.0,1.0,0.0,0.98,1.0,1,0.98,1,4
apartment_block,TEK87,Electric boiler,0.007218784263743094,0.0,1.0,0.0,0.98,1.0,1,0.98,1,4
apartment_block,TEK10,Electric boiler,0.0005887477619357063,0.0,1.0,0.0,0.98,1.0,1,0.98,1,4
apartment_block,TEK07,Electric boiler,0.002667754942095502,0.0,1.0,0.0,0.98,1.0,1,0.98,1,4
apartment_block,PRE_TEK49,Electric boiler,0.06800404748747989,0.0,1.0,0.0,0.98,1.0,1,0.98,1,4
house,TEK10,Electric boiler - Solar,0.0009947689710624035,0.0,0.8,0.2,0.99,0.96,1,0.99,1,4
house,TEK69,Electric boiler - Solar,0.0001775547202793976,0.0,0.8,0.2,0.99,0.96,1,0.99,1,4
apartment_block,TEK07,Electric boiler - Solar,0.0002415945163788188,0.0,0.8,0.2,0.99,0.96,1,0.99,1,4
house,TEK17,Electric boiler - Solar,0.001961611049923001,0.0,0.8,0.2,0.99,0.96,1,0.99,1,4
house,TEK07,Electric boiler - Solar,0.0007076660388565202,0.0,0.8,0.2,0.99,0.96,1,0.99,1,4
house,TEK49,Electric boiler - Solar,0.0001661989183592544,0.0,0.8,0.2,0.99,0.96,1,0.99,1,4
apartment_block,TEK97,Electric boiler - Solar,0.000301573694630665,0.0,0.8,0.2,0.99,0.96,1,0.99,1,4
apartment_block,PRE_TEK49,Electric boiler - Solar,8.605284971094288e-05,0.0,0.8,0.2,0.99,0.96,1,0.99,1,4
house,TEK87,Electric boiler - Solar,0.0001496342601759181,0.0,0.8,0.2,0.99,0.96,1,0.99,1,4
office,TEK97,Electric boiler - Solar,0.003933955702609734,0.0,0.8,0.2,0.99,0.96,1,0.99,1,4
sports,TEK97,Electric boiler - Solar,0.007743110908676839,0.0,0.8,0.2,0.99,0.96,1,0.99,1,4
apartment_block,TEK87,Electric boiler - Solar,0.0003677992725702164,0.0,0.8,0.2,0.99,0.96,1,0.99,1,4
apartment_block,TEK10,Electric boiler - Solar,0.0003221334055493439,0.0,0.8,0.2,0.99,0.96,1,0.99,1,4
house,PRE_TEK49,Electric boiler - Solar,6.947366821463018e-05,0.0,0.8,0.2,0.99,0.96,1,0.99,1,4
house,TEK97,Electric boiler - Solar,0.0003793432737900802,0.0,0.8,0.2,0.99,0.96,1,0.99,1,4
apartment_block,TEK69,Electric boiler - Solar,0.0001384281583609724,0.0,0.8,0.2,0.99,0.96,1,0.99,1,4
apartment_block,TEK49,Electric boiler - Solar,0.0005908197532204217,0.0,0.8,0.2,0.99,0.96,1,0.99,1,4
apartment_block,TEK17,Electric boiler - Solar,0.0004097017371353654,0.0,0.8,0.2,0.99,0.96,1,0.99,1,4
hospital,TEK87,Electric boiler - Solar,0.001965243269041803,0.0,0.8,0.2,0.99,0.96,1,0.99,1,4
office,TEK97,HP Central heating,0.01108872836018389,0.0,0.85,0.15,3.0,0.98,1,3.0,1,4
retail,TEK07,HP Central heating,0.3201149514274478,0.0,0.85,0.15,3.0,0.98,1,3.0,1,4
office,PRE_TEK49,HP Central heating,0.00387224349632886,0.0,0.85,0.15,3.0,0.98,1,3.0,1,4
storage_repairs,TEK49,HP Central heating,0.3145370331433856,0.0,0.85,0.15,3.0,0.98,1,3.0,1,4
retail,TEK07,HP Central heating,0.003203589754706289,0.0,0.85,0.15,3.0,0.98,1,3.0,1,4
office,PRE_TEK49,HP Central heating,0.2620599258450389,0.0,0.85,0.15,3.0,0.98,1,3.0,1,4
retail,TEK10,HP Central heating,0.01517851130778828,0.0,0.85,0.15,3.0,0.98,1,3.0,1,4
storage_repairs,TEK69,HP Central heating,0.4308639565158424,0.0,0.85,0.15,3.0,0.98,1,3.0,1,4
retail,TEK17,HP Central heating,0.1362837802924611,0.0,0.85,0.15,3.0,0.98,1,3.0,1,4
storage_repairs,TEK87,HP Central heating,0.4625209434205439,0.0,0.85,0.15,3.0,0.98,1,3.0,1,4
storage_repairs,TEK97,HP Central heating,0.3703004777651877,0.0,0.85,0.15,3.0,0.98,1,3.0,1,4
retail,TEK49,HP Central heating,0.04101041008805821,0.0,0.85,0.15,3.0,0.98,1,3.0,1,4
nursing_home,TEK10,HP Central heating,0.007843170015891979,0.0,0.85,0.15,3.0,0.98,1,3.0,1,4
office,TEK87,HP Central heating,0.2676335153534152,0.0,0.85,0.15,3.0,0.98,1,3.0,1,4
storage_repairs,PRE_TEK49,HP Central heating,0.2808672307625596,0.0,0.85,0.15,3.0,0.98,1,3.0,1,4
retail,TEK69,HP Central heating,0.03009305627542411,0.0,0.85,0.15,3.0,0.98,1,3.0,1,4
sports,TEK10,HP Central heating,0.002192375486182936,0.0,0.85,0.15,3.0,0.98,1,3.0,1,4
office,TEK69,HP Central heating,0.4550093383488754,0.0,0.85,0.15,3.0,0.98,1,3.0,1,4
retail,TEK87,HP Central heating,0.005140974063563851,0.0,0.85,0.15,3.0,0.98,1,3.0,1,4
sports,TEK07,HP Central heating,0.008240451917224589,0.0,0.85,0.15,3.0,0.98,1,3.0,1,4
office,TEK49,HP Central heating,0.2886692523108832,0.0,0.85,0.15,3.0,0.98,1,3.0,1,4
kindergarten,PRE_TEK49,HP Central heating,0.01541284403669725,0.0,0.85,0.15,3.0,0.98,1,3.0,1,4
apartment_block,TEK17,HP Central heating,0.08280925652791433,0.0,0.85,0.15,3.0,0.98,1,3.0,1,4
office,TEK97,HP Central heating,0.1561100626390654,0.0,0.85,0.15,3.0,0.98,1,3.0,1,4
storage_repairs,TEK17,HP Central heating,0.491076603313548,0.0,0.85,0.15,3.0,0.98,1,3.0,1,4
nursing_home,TEK87,HP Central heating,0.005710346067954617,0.0,0.85,0.15,3.0,0.98,1,3.0,1,4
retail,TEK10,HP Central heating,0.4028724933704304,0.0,0.85,0.15,3.0,0.98,1,3.0,1,4
sports,TEK69,HP Central heating,0.4539488996302313,0.0,0.85,0.15,3.0,0.98,1,3.0,1,4
culture,PRE_TEK49,HP Central heating,0.005426240610546174,0.0,0.85,0.15,3.0,0.98,1,3.0,1,4
sports,TEK17,HP Central heating,0.4375711982804944,0.0,0.85,0.15,3.0,0.98,1,3.0,1,4
nursing_home,TEK97,HP Central heating,0.002043145247693987,0.0,0.85,0.15,3.0,0.98,1,3.0,1,4
sports,TEK10,HP Central heating,0.3566341816345459,0.0,0.85,0.15,3.0,0.98,1,3.0,1,4
sports,TEK97,HP Central heating,0.3361701382197853,0.0,0.85,0.15,3.0,0.98,1,3.0,1,4
sports,TEK07,HP Central heating,0.2442635423006695,0.0,0.85,0.15,3.0,0.98,1,3.0,1,4
sports,PRE_TEK49,HP Central heating,0.3535406218655968,0.0,0.85,0.15,3.0,0.98,1,3.0,1,4
nursing_home,TEK69,HP Central heating,0.003910964532813318,0.0,0.85,0.15,3.0,0.98,1,3.0,1,4
retail,PRE_TEK49,HP Central heating,0.3037559405988352,0.0,0.85,0.15,3.0,0.98,1,3.0,1,4
retail,TEK97,HP Central heating,0.326326677503196,0.0,0.85,0.15,3.0,0.98,1,3.0,1,4
office,TEK07,HP Central heating,0.002483406614399042,0.0,0.85,0.15,3.0,0.98,1,3.0,1,4
retail,TEK87,HP Central heating,0.3851886167165266,0.0,0.85,0.15,3.0,0.98,1,3.0,1,4
office,TEK10,HP Central heating,0.004472728847277604,0.0,0.85,0.15,3.0,0.98,1,3.0,1,4
storage_repairs,TEK07,HP Central heating,0.2477960170068892,0.0,0.85,0.15,3.0,0.98,1,3.0,1,4
office,TEK17,HP Central heating,0.04702658262537682,0.0,0.85,0.15,3.0,0.98,1,3.0,1,4
retail,TEK97,HP Central heating,0.01590868848331756,0.0,0.85,0.15,3.0,0.98,1,3.0,1,4
retail,TEK69,HP Central heating,0.4967431051237246,0.0,0.85,0.15,3.0,0.98,1,3.0,1,4
office,TEK49,HP Central heating,0.01151148871980683,0.0,0.85,0.15,3.0,0.98,1,3.0,1,4
retail,TEK49,HP Central heating,0.4437768079687147,0.0,0.85,0.15,3.0,0.98,1,3.0,1,4
office,TEK69,HP Central heating,0.009271890520485541,0.0,0.85,0.15,3.0,0.98,1,3.0,1,4
apartment_block,TEK10,HP Central heating,0.04348200201441343,0.0,0.85,0.15,3.0,0.98,1,3.0,1,4
retail,TEK17,HP Central heating,0.3761484007647393,0.0,0.85,0.15,3.0,0.98,1,3.0,1,4
office,TEK87,HP Central heating,0.004310268771979922,0.0,0.85,0.15,3.0,0.98,1,3.0,1,4
storage_repairs,TEK10,HP Central heating,0.3877214770218353,0.0,0.85,0.15,3.0,0.98,1,3.0,1,4
sports,TEK87,HP Central heating,0.4161276714405222,0.0,0.85,0.15,3.0,0.98,1,3.0,1,4
office,TEK17,HP Central heating,0.1342965195944094,0.0,0.85,0.15,3.0,0.98,1,3.0,1,4
sports,TEK49,HP Central heating,0.2346857416224344,0.0,0.85,0.15,3.0,0.98,1,3.0,1,4
office,TEK10,HP Central heating,0.1916392804138702,0.0,0.85,0.15,3.0,0.98,1,3.0,1,4
storage_repairs,TEK69,HP Central heating,0.05911547562783974,0.0,0.85,0.15,3.0,0.98,1,3.0,1,4
storage_repairs,TEK87,HP Central heating,0.009421513831885067,0.0,0.85,0.15,3.0,0.98,1,3.0,1,4
storage_repairs,TEK49,HP Central heating,0.112321376337935,0.0,0.85,0.15,3.0,0.98,1,3.0,1,4
storage_repairs,TEK69,HP Central heating,0.02872032320555883,0.0,0.85,0.15,3.0,0.98,1,3.0,1,4
storage_repairs,TEK17,HP Central heating,0.115213741831045,0.0,0.85,0.15,3.0,0.98,1,3.0,1,4
storage_repairs,TEK49,HP Central heating,0.01586895216528771,0.0,0.85,0.15,3.0,0.98,1,3.0,1,4
storage_repairs,TEK97,HP Central heating,0.02313208520925491,0.0,0.85,0.15,3.0,0.98,1,3.0,1,4
storage_repairs,TEK10,HP Central heating,0.1969497666899068,0.0,0.85,0.15,3.0,0.98,1,3.0,1,4
storage_repairs,TEK10,HP Central heating,0.01866777699037934,0.0,0.85,0.15,3.0,0.98,1,3.0,1,4
storage_repairs,TEK07,HP Central heating,0.1238629720391073,0.0,0.85,0.15,3.0,0.98,1,3.0,1,4
storage_repairs,TEK07,HP Central heating,0.06439009390071473,0.0,0.85,0.15,3.0,0.98,1,3.0,1,4
retail,PRE_TEK49,HP Central heating,0.2099691119555675,0.0,0.85,0.15,3.0,0.98,1,3.0,1,4
storage_repairs,PRE_TEK49,HP Central heating,0.1504728474817739,0.0,0.85,0.15,3.0,0.98,1,3.0,1,4
retail,TEK97,HP Central heating,0.1948488610725755,0.0,0.85,0.15,3.0,0.98,1,3.0,1,4
storage_repairs,TEK17,HP Central heating,0.06493195035673602,0.0,0.85,0.15,3.0,0.98,1,3.0,1,4
retail,TEK87,HP Central heating,0.1348117422323984,0.0,0.85,0.15,3.0,0.98,1,3.0,1,4
storage_repairs,TEK87,HP Central heating,0.1056035108706109,0.0,0.85,0.15,3.0,0.98,1,3.0,1,4
storage_repairs,TEK97,HP Central heating,0.1282811626920184,0.0,0.85,0.15,3.0,0.98,1,3.0,1,4
sports,TEK97,HP Central heating,0.05508207347196188,0.0,0.85,0.15,3.0,0.98,1,3.0,1,4
sports,PRE_TEK49,HP Central heating,0.05723838181210297,0.0,0.85,0.15,3.0,0.98,1,3.0,1,4
storage_repairs,TEK07,HP Central heating,0.01289197355967986,0.0,0.85,0.15,3.0,0.98,1,3.0,1,4
storage_repairs,TEK49,HP Central heating,0.1439747609876048,0.0,0.85,0.15,3.0,0.98,1,3.0,1,4
storage_repairs,TEK69,HP Central heating,0.1240202547062358,0.0,0.85,0.15,3.0,0.98,1,3.0,1,4
storage_repairs,TEK87,HP Central heating,0.06770684899014744,0.0,0.85,0.15,3.0,0.98,1,3.0,1,4
storage_repairs,PRE_TEK49,HP Central heating,0.009028818727174748,0.0,0.85,0.15,3.0,0.98,1,3.0,1,4
apartment_block,TEK07,HP Central heating,0.229223798465712,0.0,0.85,0.15,3.0,0.98,1,3.0,1,4
apartment_block,TEK10,HP Central heating,0.17077848000486,0.0,0.85,0.15,3.0,0.98,1,3.0,1,4
apartment_block,TEK10,HP Central heating,0.3365121001211931,0.0,0.85,0.15,3.0,0.98,1,3.0,1,4
apartment_block,TEK17,HP Central heating,0.3427937945550639,0.0,0.85,0.15,3.0,0.98,1,3.0,1,4
storage_repairs,TEK97,HP Central heating,0.03742288342183266,0.0,0.85,0.15,3.0,0.98,1,3.0,1,4
apartment_block,TEK17,HP Central heating,0.1305954161203977,0.0,0.85,0.15,3.0,0.98,1,3.0,1,4
storage_repairs,PRE_TEK49,HP Central heating,0.1416597228569992,0.0,0.85,0.15,3.0,0.98,1,3.0,1,4
apartment_block,TEK07,HP Central heating,0.2713639112697777,0.0,0.85,0.15,3.0,0.98,1,3.0,1,4
sports,TEK97,HP Central heating,0.001891981850988911,0.0,0.85,0.15,3.0,0.98,1,3.0,1,4
retail,TEK69,HP Central heating,0.11655465884193,0.0,0.85,0.15,3.0,0.98,1,3.0,1,4
retail,TEK49,HP Central heating,0.11265142274412,0.0,0.85,0.15,3.0,0.98,1,3.0,1,4
school,TEK87,HP Central heating,0.002052548992590975,0.0,0.85,0.15,3.0,0.98,1,3.0,1,4
sports,TEK49,HP Central heating,0.1000808711301456,0.0,0.85,0.15,3.0,0.98,1,3.0,1,4
apartment_block,TEK07,HP Central heating,0.04507395031700923,0.0,0.85,0.15,3.0,0.98,1,3.0,1,4
school,TEK69,HP Central heating,0.009567406017776227,0.0,0.85,0.15,3.0,0.98,1,3.0,1,4
school,TEK49,HP Central heating,0.003621154014306846,0.0,0.85,0.15,3.0,0.98,1,3.0,1,4
hotel,TEK07,HP Central heating,0.1901201102958359,0.0,0.85,0.15,3.0,0.98,1,3.0,1,4
university,PRE_TEK49,HP Central heating,0.09664890881963703,0.0,0.85,0.15,3.0,0.98,1,3.0,1,4
hotel,TEK10,HP Central heating,0.06456121650553795,0.0,0.85,0.15,3.0,0.98,1,3.0,1,4
hotel,TEK69,HP Central heating,0.3954971181090207,0.0,0.85,0.15,3.0,0.98,1,3.0,1,4
hotel,TEK87,HP Central heating,0.4024014287144477,0.0,0.85,0.15,3.0,0.98,1,3.0,1,4
hotel,TEK97,HP Central heating,0.1265526955742904,0.0,0.85,0.15,3.0,0.98,1,3.0,1,4
kindergarten,TEK97,HP Central heating,0.0327412294567863,0.0,0.85,0.15,3.0,0.98,1,3.0,1,4
hotel,PRE_TEK49,HP Central heating,0.2530929092643112,0.0,0.85,0.15,3.0,0.98,1,3.0,1,4
office,TEK07,HP Central heating,0.1366628014933458,0.0,0.85,0.15,3.0,0.98,1,3.0,1,4
hotel,TEK49,HP Central heating,0.2408543615382175,0.0,0.85,0.15,3.0,0.98,1,3.0,1,4
university,TEK97,HP Central heating,0.01072409176518641,0.0,0.85,0.15,3.0,0.98,1,3.0,1,4
school,TEK97,HP Central heating,0.001993664683943807,0.0,0.85,0.15,3.0,0.98,1,3.0,1,4
university,TEK87,HP Central heating,0.1333309033177812,0.0,0.85,0.15,3.0,0.98,1,3.0,1,4
retail,TEK17,HP Central heating,0.1770888234382266,0.0,0.85,0.15,3.0,0.98,1,3.0,1,4
retail,TEK10,HP Central heating,0.1850661542712413,0.0,0.85,0.15,3.0,0.98,1,3.0,1,4
retail,TEK07,HP Central heating,0.2460173449069271,0.0,0.85,0.15,3.0,0.98,1,3.0,1,4
office,PRE_TEK49,HP Central heating,0.2304364852622421,0.0,0.85,0.15,3.0,0.98,1,3.0,1,4
office,TEK97,HP Central heating,0.2882937476855227,0.0,0.85,0.15,3.0,0.98,1,3.0,1,4
office,TEK87,HP Central heating,0.2549392315912384,0.0,0.85,0.15,3.0,0.98,1,3.0,1,4
office,TEK69,HP Central heating,0.135507591682227,0.0,0.85,0.15,3.0,0.98,1,3.0,1,4
sports,TEK10,HP Central heating,0.01820909872244963,0.0,0.85,0.15,3.0,0.98,1,3.0,1,4
office,TEK49,HP Central heating,0.2121423221772119,0.0,0.85,0.15,3.0,0.98,1,3.0,1,4
office,TEK17,HP Central heating,0.3483633872293779,0.0,0.85,0.15,3.0,0.98,1,3.0,1,4
office,TEK10,HP Central heating,0.3350702040825083,0.0,0.85,0.15,3.0,0.98,1,3.0,1,4
office,TEK07,HP Central heating,0.3555505277730391,0.0,0.85,0.15,3.0,0.98,1,3.0,1,4
school,PRE_TEK49,HP Central heating,0.001427656124766057,0.0,0.85,0.15,3.0,0.98,1,3.0,1,4
university,TEK49,HP Central heating,0.1591332613345192,0.0,0.85,0.15,3.0,0.98,1,3.0,1,4
university,TEK69,HP Central heating,0.08482047866784005,0.0,0.85,0.15,3.0,0.98,1,3.0,1,4
retail,PRE_TEK49,HP Central heating,0.02120943970911566,0.0,0.85,0.15,3.0,0.98,1,3.0,1,4
school,TEK07,HP Central heating,0.014052366415177,0.0,0.85,0.15,3.0,0.98,1,3.0,1,4
sports,TEK87,HP Central heating,0.05804953560371517,0.0,0.85,0.15,3.0,0.98,1,3.0,1,4
kindergarten,TEK97,HP Central heating,0.007612971777132885,0.0,0.85,0.15,3.0,0.98,1,3.0,1,4
retail,TEK69,HP Central heating,0.03652172632070259,0.0,0.85,0.15,3.0,0.98,1,3.0,1,4
hotel,TEK69,HP Central heating,0.03911153157402947,0.0,0.85,0.15,3.0,0.98,1,3.0,1,4
house,TEK87,HP Central heating,0.0005903038892704122,0.0,0.85,0.15,3.0,0.98,1,3.0,1,4
nursing_home,TEK49,HP Central heating,0.09112253653215562,0.0,0.85,0.15,3.0,0.98,1,3.0,1,4
nursing_home,TEK10,HP Central heating,0.003924798105043856,0.0,0.85,0.15,3.0,0.98,1,3.0,1,4
nursing_home,TEK07,HP Central heating,0.08395603234159489,0.0,0.85,0.15,3.0,0.98,1,3.0,1,4
apartment_block,TEK87,HP Central heating,0.02198904532175786,0.0,0.85,0.15,3.0,0.98,1,3.0,1,4
hotel,TEK10,HP Central heating,0.003242429823770765,0.0,0.85,0.15,3.0,0.98,1,3.0,1,4
retail,TEK07,HP Central heating,0.007044336195764262,0.0,0.85,0.15,3.0,0.98,1,3.0,1,4
kindergarten,PRE_TEK49,HP Central heating,0.04200423429781228,0.0,0.85,0.15,3.0,0.98,1,3.0,1,4
office,TEK97,HP Central heating,0.02807248934072847,0.0,0.85,0.15,3.0,0.98,1,3.0,1,4
school,TEK10,HP Central heating,0.002910534115797895,0.0,0.85,0.15,3.0,0.98,1,3.0,1,4
kindergarten,TEK87,HP Central heating,0.004785935042357681,0.0,0.85,0.15,3.0,0.98,1,3.0,1,4
school,TEK49,HP Central heating,0.1015715273667757,0.0,0.85,0.15,3.0,0.98,1,3.0,1,4
house,TEK97,HP Central heating,0.0001356254014160339,0.0,0.85,0.15,3.0,0.98,1,3.0,1,4
nursing_home,TEK69,HP Central heating,0.06986984244942461,0.0,0.85,0.15,3.0,0.98,1,3.0,1,4
hotel,TEK87,HP Central heating,0.03746177123129737,0.0,0.85,0.15,3.0,0.98,1,3.0,1,4
retail,PRE_TEK49,HP Central heating,0.04655307139593439,0.0,0.85,0.15,3.0,0.98,1,3.0,1,4
nursing_home,TEK87,HP Central heating,0.1055205632409586,0.0,0.85,0.15,3.0,0.98,1,3.0,1,4
office,TEK87,HP Central heating,0.0404917516979622,0.0,0.85,0.15,3.0,0.98,1,3.0,1,4
office,PRE_TEK49,HP Central heating,0.04319062702552381,0.0,0.85,0.15,3.0,0.98,1,3.0,1,4
house,TEK07,HP Central heating,7.020483068372666e-05,0.0,0.85,0.15,3.0,0.98,1,3.0,1,4
office,TEK69,HP Central heating,0.04924109822223792,0.0,0.85,0.15,3.0,0.98,1,3.0,1,4
apartment_block,TEK97,HP Central heating,0.03211844027979566,0.0,0.85,0.15,3.0,0.98,1,3.0,1,4
office,TEK49,HP Central heating,0.06546423122191766,0.0,0.85,0.15,3.0,0.98,1,3.0,1,4
culture,TEK49,HP Central heating,0.01034654841420655,0.0,0.85,0.15,3.0,0.98,1,3.0,1,4
culture,TEK49,HP Central heating,0.05631269496294587,0.0,0.85,0.15,3.0,0.98,1,3.0,1,4
office,TEK10,HP Central heating,0.0006957942020838146,0.0,0.85,0.15,3.0,0.98,1,3.0,1,4
office,TEK07,HP Central heating,0.001136754024824633,0.0,0.85,0.15,3.0,0.98,1,3.0,1,4
house,TEK69,HP Central heating,0.003878354445058148,0.0,0.85,0.15,3.0,0.98,1,3.0,1,4
hotel,PRE_TEK49,HP Central heating,0.007729500743007963,0.0,0.85,0.15,3.0,0.98,1,3.0,1,4
nursing_home,PRE_TEK49,HP Central heating,0.2203974464579901,0.0,0.85,0.15,3.0,0.98,1,3.0,1,4
hotel,TEK97,HP Central heating,0.001989199997917068,0.0,0.85,0.15,3.0,0.98,1,3.0,1,4
nursing_home,TEK97,HP Central heating,0.1025617386999949,0.0,0.85,0.15,3.0,0.98,1,3.0,1,4
retail,TEK87,HP Central heating,0.02161823055314467,0.0,0.85,0.15,3.0,0.98,1,3.0,1,4
retail,TEK97,HP Central heating,0.02752268800752892,0.0,0.85,0.15,3.0,0.98,1,3.0,1,4
culture,TEK69,HP Central heating,0.01831623709666948,0.0,0.85,0.15,3.0,0.98,1,3.0,1,4
house,TEK49,HP Central heating,0.007775287642280327,0.0,0.85,0.15,3.0,0.98,1,3.0,1,4
apartment_block,PRE_TEK49,HP Central heating,0.01877033487951551,0.0,0.85,0.15,3.0,0.98,1,3.0,1,4
hotel,TEK87,HP Central heating,0.02861304250942196,0.0,0.85,0.15,3.0,0.98,1,3.0,1,4
hotel,TEK49,HP Central heating,0.0789893063777426,0.0,0.85,0.15,3.0,0.98,1,3.0,1,4
hospital,PRE_TEK49,HP Central heating,0.08815245230544382,0.0,0.85,0.15,3.0,0.98,1,3.0,1,4
hotel,TEK97,HP Central heating,0.01486171935616574,0.0,0.85,0.15,3.0,0.98,1,3.0,1,4
kindergarten,TEK10,HP Central heating,0.04938352864360505,0.0,0.85,0.15,3.0,0.98,1,3.0,1,4
school,TEK87,HP Central heating,0.09509109677056427,0.0,0.85,0.15,3.0,0.98,1,3.0,1,4
hotel,PRE_TEK49,HP Central heating,0.08615454565617583,0.0,0.85,0.15,3.0,0.98,1,3.0,1,4
school,TEK69,HP Central heating,0.08551559070177842,0.0,0.85,0.15,3.0,0.98,1,3.0,1,4
kindergarten,TEK69,HP Central heating,0.02333386387919395,0.0,0.85,0.15,3.0,0.98,1,3.0,1,4
hospital,TEK97,HP Central heating,0.006384748950947764,0.0,0.85,0.15,3.0,0.98,1,3.0,1,4
kindergarten,TEK07,HP Central heating,0.09487075631489801,0.0,0.85,0.15,3.0,0.98,1,3.0,1,4
school,TEK97,HP Central heating,0.0854698049104975,0.0,0.85,0.15,3.0,0.98,1,3.0,1,4
school,PRE_TEK49,HP Central heating,0.0847957856884866,0.0,0.85,0.15,3.0,0.98,1,3.0,1,4
kindergarten,TEK07,HP Central heating,0.01124898740702555,0.0,0.85,0.15,3.0,0.98,1,3.0,1,4
apartment_block,TEK49,HP Central heating,0.01715361290313592,0.0,0.85,0.15,3.0,0.98,1,3.0,1,4
hospital,TEK69,HP Central heating,0.09339413785720038,0.0,0.85,0.15,3.0,0.98,1,3.0,1,4
culture,PRE_TEK49,HP Central heating,0.06077644686191988,0.0,0.85,0.15,3.0,0.98,1,3.0,1,4
retail,TEK49,HP Central heating,0.06862786515387861,0.0,0.85,0.15,3.0,0.98,1,3.0,1,4
kindergarten,TEK69,HP Central heating,0.01917580589027753,0.0,0.85,0.15,3.0,0.98,1,3.0,1,4
culture,TEK87,HP Central heating,0.0378907672431424,0.0,0.85,0.15,3.0,0.98,1,3.0,1,4
kindergarten,TEK87,HP Central heating,0.004570352382792019,0.0,0.85,0.15,3.0,0.98,1,3.0,1,4
kindergarten,TEK49,HP Central heating,0.02181081590352365,0.0,0.85,0.15,3.0,0.98,1,3.0,1,4
sports,TEK69,HP Central heating,0.05418839537848669,0.0,0.85,0.15,3.0,0.98,1,3.0,1,4
hotel,TEK69,HP Central heating,0.1003530623675962,0.0,0.85,0.15,3.0,0.98,1,3.0,1,4
house,TEK10,HP Central heating,5.356219407455358e-05,0.0,0.85,0.15,3.0,0.98,1,3.0,1,4
hospital,TEK49,HP Central heating,0.06386980085864845,0.0,0.85,0.15,3.0,0.98,1,3.0,1,4
apartment_block,TEK69,HP Central heating,0.03143739544810679,0.0,0.85,0.15,3.0,0.98,1,3.0,1,4
house,PRE_TEK49,HP Central heating,0.0046886992366858,0.0,0.85,0.15,3.0,0.98,1,3.0,1,4
retail,TEK87,HP Central heating - Bio,0.000744787752062346,0.0,0.85,0.15,3.0,0.65,1,3.0,1,4
apartment_block,TEK17,HP Central heating - Bio,0.001360124412760844,0.0,0.85,0.15,3.0,0.65,1,3.0,1,4
retail,TEK69,HP Central heating - Bio,0.0006152764787223161,0.0,0.85,0.15,3.0,0.65,1,3.0,1,4
hotel,PRE_TEK49,HP Central heating - Bio,0.002193536939694369,0.0,0.85,0.15,3.0,0.65,1,3.0,1,4
retail,TEK49,HP Central heating - Bio,0.0004585529619312807,0.0,0.85,0.15,3.0,0.65,1,3.0,1,4
apartment_block,TEK07,HP Central heating - Bio,0.004734738186158519,0.0,0.85,0.15,3.0,0.65,1,3.0,1,4
apartment_block,TEK97,HP Central heating - Bio,0.008889007788816109,0.0,0.85,0.15,3.0,0.65,1,3.0,1,4
culture,PRE_TEK49,HP Central heating - Bio,0.005048860090718066,0.0,0.85,0.15,3.0,0.65,1,3.0,1,4
apartment_block,TEK49,HP Central heating - Bio,0.01213569460930104,0.0,0.85,0.15,3.0,0.65,1,3.0,1,4
retail,PRE_TEK49,HP Central heating - Bio,0.01316907652464773,0.0,0.85,0.15,3.0,0.65,1,3.0,1,4
storage_repairs,TEK69,HP Central heating - Bio,0.0001155801917944926,0.0,0.85,0.15,3.0,0.65,1,3.0,1,4
storage_repairs,TEK97,HP Central heating - Bio,0.0003644633101194328,0.0,0.85,0.15,3.0,0.65,1,3.0,1,4
storage_repairs,PRE_TEK49,HP Central heating - Bio,0.001769119159845514,0.0,0.85,0.15,3.0,0.65,1,3.0,1,4
apartment_block,TEK69,HP Central heating - Bio,0.01131317494400037,0.0,0.85,0.15,3.0,0.65,1,3.0,1,4
apartment_block,TEK10,HP Central heating - Bio,0.001671133623172749,0.0,0.85,0.15,3.0,0.65,1,3.0,1,4
apartment_block,PRE_TEK49,HP Central heating - Bio,0.01687745349120072,0.0,0.85,0.15,3.0,0.65,1,3.0,1,4
apartment_block,TEK87,HP Central heating - Bio,0.01341585832526376,0.0,0.85,0.15,3.0,0.65,1,3.0,1,4
nursing_home,TEK69,HP Central heating - Bio,0.001242178748979542,0.0,0.85,0.15,3.0,0.65,1,3.0,1,4
hotel,TEK69,HP Central heating - Bio,0.001760137499423277,0.0,0.85,0.15,3.0,0.65,1,3.0,1,4
retail,TEK97,HP Central heating - Bio,0.0001946463376409582,0.0,0.85,0.15,3.0,0.65,1,3.0,1,4
nursing_home,PRE_TEK49,HP Central heating - Bio,0.00373015575857421,0.0,0.85,0.15,3.0,0.65,1,3.0,1,4
office,TEK97,HP Central heating - Bio,0.0001835845994551209,0.0,0.85,0.15,3.0,0.65,1,3.0,1,4
office,TEK69,HP Central heating - Bio,0.0003760804696891263,0.0,0.85,0.15,3.0,0.65,1,3.0,1,4
apartment_block,TEK07,HP Central heating - Gas,0.0047049853428493,0.0,0.85,0.15,3.0,0.96,1,3.0,1,4
house,TEK17,HP Central heating - Gas,0.01530310138946393,0.0,0.85,0.15,3.0,0.96,1,3.0,1,4
apartment_block,TEK97,HP Central heating - Gas,0.003515975825579589,0.0,0.85,0.15,3.0,0.96,1,3.0,1,4
house,TEK10,HP Central heating - Gas,0.008903617483835367,0.0,0.85,0.15,3.0,0.96,1,3.0,1,4
apartment_block,TEK17,HP Central heating - Gas,0.002423215066098547,0.0,0.85,0.15,3.0,0.96,1,3.0,1,4
house,TEK87,HP Central heating - Gas,0.002077645565553946,0.0,0.85,0.15,3.0,0.96,1,3.0,1,4
house,TEK07,HP Central heating - Gas,0.01152196837148922,0.0,0.85,0.15,3.0,0.96,1,3.0,1,4
apartment_block,TEK10,HP Central heating - Gas,0.001341645480114361,0.0,0.85,0.15,3.0,0.96,1,3.0,1,4
apartment_block,TEK49,HP Central heating - Gas,0.0002756151483053834,0.0,0.85,0.15,3.0,0.96,1,3.0,1,4
house,PRE_TEK49,HP Central heating - Gas,0.001554818753134298,0.0,0.85,0.15,3.0,0.96,1,3.0,1,4
apartment_block,TEK69,HP Central heating - Gas,0.0003090691586046868,0.0,0.85,0.15,3.0,0.96,1,3.0,1,4
house,TEK97,HP Central heating - Gas,0.01142405384141239,0.0,0.85,0.15,3.0,0.96,1,3.0,1,4
house,TEK49,HP Central heating - Gas,0.001491991476844811,0.0,0.85,0.15,3.0,0.96,1,3.0,1,4
storage_repairs,TEK10,HP Central heating - Gas,0.0006532979562591566,0.0,0.85,0.15,3.0,0.96,1,3.0,1,4
apartment_block,TEK87,HP Central heating - Gas,0.0007570032569047651,0.0,0.85,0.15,3.0,0.96,1,3.0,1,4
office,TEK97,HP Central heating - Gas,0.001863820790658656,0.0,0.85,0.15,3.0,0.96,1,3.0,1,4
house,TEK69,HP Central heating - Gas,0.001348895324570364,0.0,0.85,0.15,3.0,0.96,1,3.0,1,4
office,PRE_TEK49,HP Central heating - Gas,0.0009392915422854461,0.0,0.85,0.15,3.0,0.96,1,3.0,1,4
apartment_block,PRE_TEK49,HP Central heating - Gas,0.0001800797086615098,0.0,0.85,0.15,3.0,0.96,1,3.0,1,4
culture,TEK97,HP Central heating - DH,0.00937744414252425,0.0,0.85,0.15,3.0,0.99,1,3.0,1,4
storage_repairs,TEK69,HP Central heating - DH,0.001690360304994455,0.0,0.85,0.15,3.0,0.99,1,3.0,1,4
apartment_block,TEK07,HP Central heating - DH,0.007549542895245683,0.0,0.85,0.15,3.0,0.99,1,3.0,1,4
house,TEK10,HP Central heating - DH,0.009783264933605587,0.0,0.85,0.15,3.0,0.99,1,3.0,1,4
house,TEK07,HP Central heating - DH,0.009493866195196994,0.0,0.85,0.15,3.0,0.99,1,3.0,1,4
hotel,TEK69,HP Central heating - DH,7.114715517022064e-05,0.0,0.85,0.15,3.0,0.99,1,3.0,1,4
apartment_block,TEK17,HP Central heating - DH,0.006677711542663607,0.0,0.85,0.15,3.0,0.99,1,3.0,1,4
house,TEK87,HP Central heating - DH,0.004433323348159652,0.0,0.85,0.15,3.0,0.99,1,3.0,1,4
office,PRE_TEK49,HP Central heating - DH,0.0006778705952416003,0.0,0.85,0.15,3.0,0.99,1,3.0,1,4
house,TEK69,HP Central heating - DH,0.001912295570382296,0.0,0.85,0.15,3.0,0.99,1,3.0,1,4
office,TEK97,HP Central heating - DH,0.009210701618376923,0.0,0.85,0.15,3.0,0.99,1,3.0,1,4
office,TEK87,HP Central heating - DH,5.452244345985167e-05,0.0,0.85,0.15,3.0,0.99,1,3.0,1,4
apartment_block,TEK87,HP Central heating - DH,0.002939077957612328,0.0,0.85,0.15,3.0,0.99,1,3.0,1,4
apartment_block,PRE_TEK49,HP Central heating - DH,0.001100435425093785,0.0,0.85,0.15,3.0,0.99,1,3.0,1,4
office,TEK49,HP Central heating - DH,0.002850689435149022,0.0,0.85,0.15,3.0,0.99,1,3.0,1,4
retail,TEK07,HP Central heating - DH,0.02273015833692041,0.0,0.85,0.15,3.0,0.99,1,3.0,1,4
office,TEK17,HP Central heating - DH,0.01096190737188271,0.0,0.85,0.15,3.0,0.99,1,3.0,1,4
office,TEK07,HP Central heating - DH,0.001591927316922463,0.0,0.85,0.15,3.0,0.99,1,3.0,1,4
house,TEK97,HP Central heating - DH,0.01036678444197153,0.0,0.85,0.15,3.0,0.99,1,3.0,1,4
nursing_home,PRE_TEK49,HP Central heating - DH,0.02421559083420698,0.0,0.85,0.15,3.0,0.99,1,3.0,1,4
apartment_block,TEK69,HP Central heating - DH,0.000942940775034782,0.0,0.85,0.15,3.0,0.99,1,3.0,1,4
house,PRE_TEK49,HP Central heating - DH,0.00202147988658754,0.0,0.85,0.15,3.0,0.99,1,3.0,1,4
apartment_block,TEK49,HP Central heating - DH,0.002745815914992382,0.0,0.85,0.15,3.0,0.99,1,3.0,1,4
apartment_block,TEK10,HP Central heating - DH,0.004698622201477948,0.0,0.85,0.15,3.0,0.99,1,3.0,1,4
office,TEK10,HP Central heating - DH,0.001577321704358765,0.0,0.85,0.15,3.0,0.99,1,3.0,1,4
retail,TEK49,HP Central heating - DH,0.001090901507101822,0.0,0.85,0.15,3.0,0.99,1,3.0,1,4
retail,PRE_TEK49,HP Central heating - DH,0.003344889309070754,0.0,0.85,0.15,3.0,0.99,1,3.0,1,4
apartment_block,TEK97,HP Central heating - DH,0.003542148203525528,0.0,0.85,0.15,3.0,0.99,1,3.0,1,4
house,TEK49,HP Central heating - DH,0.00137412886591138,0.0,0.85,0.15,3.0,0.99,1,3.0,1,4
house,TEK17,HP Central heating - DH,0.009335874237598,0.0,0.85,0.15,3.0,0.99,1,3.0,1,4
retail,TEK87,HP Central heating - DH,0.001250693118492605,0.0,0.85,0.15,3.0,0.99,1,3.0,1,4
retail,TEK69,HP Central heating - DH,4.984237901440905e-05,0.0,0.85,0.15,3.0,0.99,1,3.0,1,4
nursing_home,TEK97,Gas,0.06503846262456127,0.0,1.0,0.0,0.96,1.0,1,0.96,1,4
house,PRE_TEK49,Gas,0.001549667282254107,0.0,1.0,0.0,0.96,1.0,1,0.96,1,4
storage_repairs,TEK97,Gas,0.09101991613245834,0.0,1.0,0.0,0.96,1.0,1,0.96,1,4
hospital,TEK97,Gas,0.02720753147156707,0.0,1.0,0.0,0.96,1.0,1,0.96,1,4
retail,PRE_TEK49,Gas,0.00838765635866615,0.0,1.0,0.0,0.96,1.0,1,0.96,1,4
retail,TEK49,Gas,0.01168307386098385,0.0,1.0,0.0,0.96,1.0,1,0.96,1,4
school,TEK49,Gas,0.03802536903468894,0.0,1.0,0.0,0.96,1.0,1,0.96,1,4
office,TEK07,Gas,0.0251217922664564,0.0,1.0,0.0,0.96,1.0,1,0.96,1,4
house,TEK10,Gas,0.01046817103255148,0.0,1.0,0.0,0.96,1.0,1,0.96,1,4
culture,PRE_TEK49,Gas,0.00796869432401196,0.0,1.0,0.0,0.96,1.0,1,0.96,1,4
storage_repairs,TEK69,Gas,0.02659427975571404,0.0,1.0,0.0,0.96,1.0,1,0.96,1,4
hospital,PRE_TEK49,Gas,0.03087996367480436,0.0,1.0,0.0,0.96,1.0,1,0.96,1,4
office,TEK10,Gas,0.006214444281167247,0.0,1.0,0.0,0.96,1.0,1,0.96,1,4
storage_repairs,TEK49,Gas,0.02473254267989169,0.0,1.0,0.0,0.96,1.0,1,0.96,1,4
storage_repairs,PRE_TEK49,Gas,0.005087489965999932,0.0,1.0,0.0,0.96,1.0,1,0.96,1,4
storage_repairs,TEK87,Gas,0.01334887790462325,0.0,1.0,0.0,0.96,1.0,1,0.96,1,4
hospital,TEK87,Gas,0.1722079508127685,0.0,1.0,0.0,0.96,1.0,1,0.96,1,4
nursing_home,TEK87,Gas,0.04415026753196145,0.0,1.0,0.0,0.96,1.0,1,0.96,1,4
university,TEK97,Gas,0.01663754566702217,0.0,1.0,0.0,0.96,1.0,1,0.96,1,4
kindergarten,TEK97,Gas,0.07299731601863742,0.0,1.0,0.0,0.96,1.0,1,0.96,1,4
kindergarten,TEK87,Gas,0.03382923093904357,0.0,1.0,0.0,0.96,1.0,1,0.96,1,4
apartment_block,TEK17,Gas,0.001707090571397356,0.0,1.0,0.0,0.96,1.0,1,0.96,1,4
hospital,TEK10,Gas,0.02678009461352608,0.0,1.0,0.0,0.96,1.0,1,0.96,1,4
nursing_home,TEK07,Gas,0.2173862495375997,0.0,1.0,0.0,0.96,1.0,1,0.96,1,4
university,TEK69,Gas,0.08720057546594293,0.0,1.0,0.0,0.96,1.0,1,0.96,1,4
apartment_block,PRE_TEK49,Gas,0.002915607878365872,0.0,1.0,0.0,0.96,1.0,1,0.96,1,4
house,TEK17,Gas,0.008106619106313455,0.0,1.0,0.0,0.96,1.0,1,0.96,1,4
nursing_home,TEK10,Gas,0.005934590339759313,0.0,1.0,0.0,0.96,1.0,1,0.96,1,4
hospital,TEK49,Gas,0.1044459464533814,0.0,1.0,0.0,0.96,1.0,1,0.96,1,4
kindergarten,TEK49,Gas,0.02198354374725206,0.0,1.0,0.0,0.96,1.0,1,0.96,1,4
school,TEK07,Gas,0.06756393299893804,0.0,1.0,0.0,0.96,1.0,1,0.96,1,4
nursing_home,TEK69,Gas,0.05145956003005096,0.0,1.0,0.0,0.96,1.0,1,0.96,1,4
hospital,TEK69,Gas,0.1752906811141254,0.0,1.0,0.0,0.96,1.0,1,0.96,1,4
apartment_block,TEK69,Gas,0.00357364790386492,0.0,1.0,0.0,0.96,1.0,1,0.96,1,4
apartment_block,TEK49,Gas,0.009701502115553278,0.0,1.0,0.0,0.96,1.0,1,0.96,1,4
retail,TEK97,Gas,0.07500027524208681,0.0,1.0,0.0,0.96,1.0,1,0.96,1,4
house,TEK49,Gas,0.001615170850431488,0.0,1.0,0.0,0.96,1.0,1,0.96,1,4
storage_repairs,TEK17,Gas,0.06519175809900674,0.0,1.0,0.0,0.96,1.0,1,0.96,1,4
apartment_block,TEK10,Gas,0.004297799250602031,0.0,1.0,0.0,0.96,1.0,1,0.96,1,4
hotel,TEK97,Gas,0.1219947197675448,0.0,1.0,0.0,0.96,1.0,1,0.96,1,4
office,PRE_TEK49,Gas,0.003276446919345211,0.0,1.0,0.0,0.96,1.0,1,0.96,1,4
culture,TEK69,Gas,0.02078166590923846,0.0,1.0,0.0,0.96,1.0,1,0.96,1,4
sports,TEK07,Gas,0.04523927267194157,0.0,1.0,0.0,0.96,1.0,1,0.96,1,4
hotel,PRE_TEK49,Gas,0.05517333155898596,0.0,1.0,0.0,0.96,1.0,1,0.96,1,4
retail,TEK69,Gas,0.007014484139961166,0.0,1.0,0.0,0.96,1.0,1,0.96,1,4
retail,TEK07,Gas,0.0131286793282526,0.0,1.0,0.0,0.96,1.0,1,0.96,1,4
school,PRE_TEK49,Gas,0.01718616139190466,0.0,1.0,0.0,0.96,1.0,1,0.96,1,4
school,TEK87,Gas,0.01495797303577247,0.0,1.0,0.0,0.96,1.0,1,0.96,1,4
retail,TEK10,Gas,0.04407611039354831,0.0,1.0,0.0,0.96,1.0,1,0.96,1,4
apartment_block,TEK97,Gas,0.0758942970188288,0.0,1.0,0.0,0.96,1.0,1,0.96,1,4
house,TEK07,Gas,0.02045988093146343,0.0,1.0,0.0,0.96,1.0,1,0.96,1,4
school,TEK97,Gas,0.05116139415571438,0.0,1.0,0.0,0.96,1.0,1,0.96,1,4
house,TEK69,Gas,0.002088063859240972,0.0,1.0,0.0,0.96,1.0,1,0.96,1,4
apartment_block,TEK07,Gas,0.03680298490810775,0.0,1.0,0.0,0.96,1.0,1,0.96,1,4
sports,TEK49,Gas,0.04181379137526482,0.0,1.0,0.0,0.96,1.0,1,0.96,1,4
office,TEK97,Gas,0.06242881725709222,0.0,1.0,0.0,0.96,1.0,1,0.96,1,4
hotel,TEK87,Gas,0.03106097549160501,0.0,1.0,0.0,0.96,1.0,1,0.96,1,4
apartment_block,TEK87,Gas,0.009852377792752633,0.0,1.0,0.0,0.96,1.0,1,0.96,1,4
storage_repairs,TEK10,Gas,0.00815667951556684,0.0,1.0,0.0,0.96,1.0,1,0.96,1,4
hotel,TEK10,Gas,0.08584562209272707,0.0,1.0,0.0,0.96,1.0,1,0.96,1,4
office,TEK49,Gas,0.007975040534586086,0.0,1.0,0.0,0.96,1.0,1,0.96,1,4
storage_repairs,TEK07,Gas,0.2320505402244028,0.0,1.0,0.0,0.96,1.0,1,0.96,1,4
culture,TEK97,Gas,0.07951072802186726,0.0,1.0,0.0,0.96,1.0,1,0.96,1,4
hotel,TEK49,Gas,0.08528102049522789,0.0,1.0,0.0,0.96,1.0,1,0.96,1,4
house,TEK97,Gas,0.05257553018355032,0.0,1.0,0.0,0.96,1.0,1,0.96,1,4
office,TEK69,Gas,0.01266508857011738,0.0,1.0,0.0,0.96,1.0,1,0.96,1,4
sports,TEK97,Gas,0.05845873552546292,0.0,1.0,0.0,0.96,1.0,1,0.96,1,4
hotel,TEK69,Gas,0.0241145736539066,0.0,1.0,0.0,0.96,1.0,1,0.96,1,4
office,TEK87,Gas,0.009526748486081005,0.0,1.0,0.0,0.96,1.0,1,0.96,1,4
retail,TEK87,Gas,0.1112122574429217,0.0,1.0,0.0,0.96,1.0,1,0.96,1,4
sports,TEK87,Gas,0.01975203597909323,0.0,1.0,0.0,0.96,1.0,1,0.96,1,4
house,TEK87,Gas,0.00313023110643116,0.0,1.0,0.0,0.96,1.0,1,0.96,1,4
sports,TEK69,Gas,0.0118735081162448,0.0,1.0,0.0,0.96,1.0,1,0.96,1,4
school,TEK69,Gas,0.004237825541398842,0.0,1.0,0.0,0.96,1.0,1,0.96,1,4
school,TEK10,Gas,0.03824408680208613,0.0,1.0,0.0,0.96,1.0,1,0.96,1,4
